"dataset_id","dataset_name","file_type","column_name","caaga_role_granular","caaga_role_coarse","confidence","band"
"SME-olist-101","Olist","olist_customers_dataset","customer_id","customer_id","Identifier","0.85","High"
"SME-olist-101","Olist","olist_customers_dataset","customer_unique_id","order_id","Identifier","0.53","Medium"
"SME-olist-101","Olist","olist_customers_dataset","customer_zip_code_prefix","","other","",""
"SME-olist-101","Olist","olist_customers_dataset","customer_city","geo_dimension","Geography","0.79","High"
"SME-olist-101","Olist","olist_customers_dataset","customer_state","geo_dimension","Geography","0.9","High"
"SME-olist-101","Olist","olist_geolocation_dataset","geolocation_zip_code_prefix","","other","",""
"SME-olist-101","Olist","olist_geolocation_dataset","geolocation_lat","discount","Monetary amount","0.053","Low"
"SME-olist-101","Olist","olist_geolocation_dataset","geolocation_lng","availability","Status","0.091","Low"
"SME-olist-101","Olist","olist_geolocation_dataset","geolocation_city","geo_dimension","Geography","0.79","High"
"SME-olist-101","Olist","olist_geolocation_dataset","geolocation_state","geo_dimension","Geography","0.9","High"
"SME-olist-101","Olist","olist_order_items_dataset","order_id","order_id","Identifier","0.87","High"
"SME-olist-101","Olist","olist_order_items_dataset","order_item_id","order_id","Identifier","0.52","Medium"
"SME-olist-101","Olist","olist_order_items_dataset","product_id","product_id","Identifier","0.89","High"
"SME-olist-101","Olist","olist_order_items_dataset","seller_id","merchant_id","Identifier","0.89","High"
"SME-olist-101","Olist","olist_order_items_dataset","shipping_limit_date","date","Date/time","1","High"
"SME-olist-101","Olist","olist_order_items_dataset","price","price","Monetary amount","0.88","High"
"SME-olist-101","Olist","olist_order_items_dataset","freight_value","revenue","Monetary amount","0.294","Low"
"SME-olist-101","Olist","olist_order_payments_dataset","order_id","order_id","Identifier","0.88","High"
"SME-olist-101","Olist","olist_order_payments_dataset","payment_sequential","revenue","Monetary amount","0.285","Low"
"SME-olist-101","Olist","olist_order_payments_dataset","payment_type","subscription_plan","Category","0.234","Low"
"SME-olist-101","Olist","olist_order_payments_dataset","payment_installments","revenue","Monetary amount","0.292","Low"
"SME-olist-101","Olist","olist_order_payments_dataset","payment_value","revenue","Monetary amount","0.43","Low"
"SME-olist-101","Olist","olist_order_reviews_dataset","review_id","order_id","Identifier","0.58","Medium"
"SME-olist-101","Olist","olist_order_reviews_dataset","order_id","order_id","Identifier","0.93","High"
"SME-olist-101","Olist","olist_order_reviews_dataset","review_score","rating","Rating","0.88","High"
"SME-olist-101","Olist","olist_order_reviews_dataset","review_comment_title","name_label","Free text","0.142","Low"
"SME-olist-101","Olist","olist_order_reviews_dataset","review_comment_message","name_label","Free text","0.127","Low"
"SME-olist-101","Olist","olist_order_reviews_dataset","review_creation_date","date","Date/time","1","High"
"SME-olist-101","Olist","olist_order_reviews_dataset","review_answer_timestamp","","other","",""
"SME-olist-101","Olist","olist_orders_dataset","order_id","order_id","Identifier","0.93","High"
"SME-olist-101","Olist","olist_orders_dataset","customer_id","customer_id","Identifier","0.89","High"
"SME-olist-101","Olist","olist_orders_dataset","order_status","status","Status","0.9","High"
"SME-olist-101","Olist","olist_orders_dataset","order_purchase_timestamp","date","Date/time","1","High"
"SME-olist-101","Olist","olist_orders_dataset","order_approved_at","","other","",""
"SME-olist-101","Olist","olist_orders_dataset","order_delivered_carrier_date","","other","",""
"SME-olist-101","Olist","olist_orders_dataset","order_delivered_customer_date","","other","",""
"SME-olist-101","Olist","olist_orders_dataset","order_estimated_delivery_date","","other","",""
"SME-olist-101","Olist","olist_products_dataset","product_id","product_id","Identifier","0.89","High"
"SME-olist-101","Olist","olist_products_dataset","product_category_name","cost_category","Category","0.224","Low"
"SME-olist-101","Olist","olist_products_dataset","product_name_lenght","quantity","Quantity","0.203","Low"
"SME-olist-101","Olist","olist_products_dataset","product_description_lenght","duration","Quantity","0.199","Low"
"SME-olist-101","Olist","olist_products_dataset","product_photos_qty","quantity","Quantity","0.86","High"
"SME-olist-101","Olist","olist_products_dataset","product_weight_g","duration","Quantity","0.199","Low"
"SME-olist-101","Olist","olist_products_dataset","product_length_cm","duration","Quantity","0.154","Low"
"SME-olist-101","Olist","olist_products_dataset","product_height_cm","quantity","Quantity","0.161","Low"
"SME-olist-101","Olist","olist_products_dataset","product_width_cm","quantity","Quantity","0.148","Low"
"SME-olist-101","Olist","olist_sellers_dataset","seller_id","merchant_id","Identifier","0.85","High"
"SME-olist-101","Olist","olist_sellers_dataset","seller_zip_code_prefix","","other","",""
"SME-olist-101","Olist","olist_sellers_dataset","seller_city","geo_dimension","Geography","0.79","High"
"SME-olist-101","Olist","olist_sellers_dataset","seller_state","geo_dimension","Geography","0.9","High"
"SME-olist-101","Olist","product_category_name_translation","product_category_name","customer_id","Identifier","0.54","Medium"
"SME-olist-101","Olist","product_category_name_translation","product_category_name_english","customer_id","Identifier","0.54","Medium"
"cristel01","retail","olist_customers_dataset","customer_id","customer_id","Identifier","0.85","High"
"cristel01","retail","olist_customers_dataset","customer_unique_id","order_id","Identifier","0.53","Medium"
"cristel01","retail","olist_customers_dataset","customer_zip_code_prefix","","other","",""
"cristel01","retail","olist_customers_dataset","customer_city","geo_dimension","Geography","0.79","High"
"cristel01","retail","olist_customers_dataset","customer_state","geo_dimension","Geography","0.9","High"
"cristel01","retail","olist_order_payments_dataset","order_id","order_id","Identifier","0.88","High"
"cristel01","retail","olist_order_payments_dataset","payment_sequential","revenue","Monetary amount","0.285","Low"
"cristel01","retail","olist_order_payments_dataset","payment_type","subscription_plan","Category","0.234","Low"
"cristel01","retail","olist_order_payments_dataset","payment_installments","revenue","Monetary amount","0.292","Low"
"cristel01","retail","olist_order_payments_dataset","payment_value","revenue","Monetary amount","0.43","Low"
"cristel01","retail","olist_products_dataset","product_id","product_id","Identifier","0.85","High"
"cristel01","retail","olist_products_dataset","product_category_name","cost_category","Category","0.224","Low"
"cristel01","retail","olist_products_dataset","product_name_lenght","quantity","Quantity","0.203","Low"
"cristel01","retail","olist_products_dataset","product_description_lenght","duration","Quantity","0.199","Low"
"cristel01","retail","olist_products_dataset","product_photos_qty","quantity","Quantity","0.86","High"
"cristel01","retail","olist_products_dataset","product_weight_g","duration","Quantity","0.199","Low"
"cristel01","retail","olist_products_dataset","product_length_cm","duration","Quantity","0.154","Low"
"cristel01","retail","olist_products_dataset","product_height_cm","quantity","Quantity","0.161","Low"
"cristel01","retail","olist_products_dataset","product_width_cm","quantity","Quantity","0.148","Low"
"SME-Caday-01","Retail","olist_customers_dataset","customer_id","customer_id","Identifier","0.85","High"
"SME-Caday-01","Retail","olist_customers_dataset","customer_unique_id","order_id","Identifier","0.53","Medium"
"SME-Caday-01","Retail","olist_customers_dataset","customer_zip_code_prefix","","other","",""
"SME-Caday-01","Retail","olist_customers_dataset","customer_city","geo_dimension","Geography","0.79","High"
"SME-Caday-01","Retail","olist_customers_dataset","customer_state","geo_dimension","Geography","0.9","High"
"SME-Caday-01","Retail","olist_geolocation_dataset","geolocation_zip_code_prefix","","other","",""
"SME-Caday-01","Retail","olist_geolocation_dataset","geolocation_lat","discount","Monetary amount","0.053","Low"
"SME-Caday-01","Retail","olist_geolocation_dataset","geolocation_lng","availability","Status","0.091","Low"
"SME-Caday-01","Retail","olist_geolocation_dataset","geolocation_city","geo_dimension","Geography","0.79","High"
"SME-Caday-01","Retail","olist_geolocation_dataset","geolocation_state","geo_dimension","Geography","0.9","High"
"SME-Caday-01","Retail","olist_order_items_dataset","order_id","order_id","Identifier","0.87","High"
"SME-Caday-01","Retail","olist_order_items_dataset","order_item_id","order_id","Identifier","0.52","Medium"
"SME-Caday-01","Retail","olist_order_items_dataset","product_id","product_id","Identifier","0.89","High"
"SME-Caday-01","Retail","olist_order_items_dataset","seller_id","merchant_id","Identifier","0.89","High"
"SME-Caday-01","Retail","olist_order_items_dataset","shipping_limit_date","date","Date/time","1","High"
"SME-Caday-01","Retail","olist_order_items_dataset","price","price","Monetary amount","0.88","High"
"SME-Caday-01","Retail","olist_order_items_dataset","freight_value","revenue","Monetary amount","0.294","Low"
"SME-Caday-01","Retail","olist_order_payments_dataset","order_id","order_id","Identifier","0.88","High"
"SME-Caday-01","Retail","olist_order_payments_dataset","payment_sequential","revenue","Monetary amount","0.285","Low"
"SME-Caday-01","Retail","olist_order_payments_dataset","payment_type","subscription_plan","Category","0.234","Low"
"SME-Caday-01","Retail","olist_order_payments_dataset","payment_installments","revenue","Monetary amount","0.292","Low"
"SME-Caday-01","Retail","olist_order_payments_dataset","payment_value","revenue","Monetary amount","0.43","Low"
"SME-Caday-01","Retail","olist_order_reviews_dataset","review_id","order_id","Identifier","0.58","Medium"
"SME-Caday-01","Retail","olist_order_reviews_dataset","order_id","order_id","Identifier","0.93","High"
"SME-Caday-01","Retail","olist_order_reviews_dataset","review_score","rating","Rating","0.88","High"
"SME-Caday-01","Retail","olist_order_reviews_dataset","review_comment_title","name_label","Free text","0.142","Low"
"SME-Caday-01","Retail","olist_order_reviews_dataset","review_comment_message","name_label","Free text","0.127","Low"
"SME-Caday-01","Retail","olist_order_reviews_dataset","review_creation_date","date","Date/time","1","High"
"SME-Caday-01","Retail","olist_order_reviews_dataset","review_answer_timestamp","","other","",""
"SME-Caday-01","Retail","olist_orders_dataset","order_id","order_id","Identifier","0.93","High"
"SME-Caday-01","Retail","olist_orders_dataset","customer_id","customer_id","Identifier","0.89","High"
"SME-Caday-01","Retail","olist_orders_dataset","order_status","status","Status","0.9","High"
"SME-Caday-01","Retail","olist_orders_dataset","order_purchase_timestamp","date","Date/time","1","High"
"SME-Caday-01","Retail","olist_orders_dataset","order_approved_at","","other","",""
"SME-Caday-01","Retail","olist_orders_dataset","order_delivered_carrier_date","","other","",""
"SME-Caday-01","Retail","olist_orders_dataset","order_delivered_customer_date","","other","",""
"SME-Caday-01","Retail","olist_orders_dataset","order_estimated_delivery_date","","other","",""
"SME-Caday-01","Retail","olist_products_dataset","product_id","product_id","Identifier","0.89","High"
"SME-Caday-01","Retail","olist_products_dataset","product_category_name","cost_category","Category","0.224","Low"
"SME-Caday-01","Retail","olist_products_dataset","product_name_lenght","quantity","Quantity","0.203","Low"
"SME-Caday-01","Retail","olist_products_dataset","product_description_lenght","duration","Quantity","0.199","Low"
"SME-Caday-01","Retail","olist_products_dataset","product_photos_qty","quantity","Quantity","0.86","High"
"SME-Caday-01","Retail","olist_products_dataset","product_weight_g","duration","Quantity","0.199","Low"
"SME-Caday-01","Retail","olist_products_dataset","product_length_cm","duration","Quantity","0.154","Low"
"SME-Caday-01","Retail","olist_products_dataset","product_height_cm","quantity","Quantity","0.161","Low"
"SME-Caday-01","Retail","olist_products_dataset","product_width_cm","quantity","Quantity","0.148","Low"
"SME-Caday-01","Retail","olist_sellers_dataset","seller_id","merchant_id","Identifier","0.85","High"
"SME-Caday-01","Retail","olist_sellers_dataset","seller_zip_code_prefix","","other","",""
"SME-Caday-01","Retail","olist_sellers_dataset","seller_city","geo_dimension","Geography","0.79","High"
"SME-Caday-01","Retail","olist_sellers_dataset","seller_state","geo_dimension","Geography","0.9","High"
"SME-Caday-01","Retail","product_category_name_translation","product_category_name","customer_id","Identifier","0.54","Medium"
"SME-Caday-01","Retail","product_category_name_translation","product_category_name_english","customer_id","Identifier","0.54","Medium"
"RetailMetrics-02","Toy Store E-Commerce Database","products","product_id","product_id","Identifier","0.85","High"
"RetailMetrics-02","Toy Store E-Commerce Database","products","created_at","date","Date/time","1","High"
"RetailMetrics-02","Toy Store E-Commerce Database","products","product_name","name_label","Free text","0.191","Low"
"RetailMetrics-02","Toy Store E-Commerce Database","website_pageviews","website_pageview_id","order_id","Identifier","0.651","Low"
"RetailMetrics-02","Toy Store E-Commerce Database","website_pageviews","created_at","date","Date/time","1","High"
"RetailMetrics-02","Toy Store E-Commerce Database","website_pageviews","website_session_id","order_id","Identifier","0.553","Low"
"RetailMetrics-02","Toy Store E-Commerce Database","website_pageviews","pageview_url","","other","",""
"RetailMetrics-02","Toy Store E-Commerce Database","website_sessions","website_session_id","order_id","Identifier","0.646","Low"
"RetailMetrics-02","Toy Store E-Commerce Database","website_sessions","created_at","date","Date/time","1","High"
"RetailMetrics-02","Toy Store E-Commerce Database","website_sessions","user_id","customer_id","Identifier","0.85","High"
"RetailMetrics-02","Toy Store E-Commerce Database","website_sessions","is_repeat_session","availability","Status","0.224","Low"
"RetailMetrics-02","Toy Store E-Commerce Database","website_sessions","utm_source","cost_category","Category","0.128","Low"
"RetailMetrics-02","Toy Store E-Commerce Database","website_sessions","utm_campaign","geo_dimension","Geography","0.111","Low"
"RetailMetrics-02","Toy Store E-Commerce Database","website_sessions","utm_content","cost_category","Category","0.119","Low"
"RetailMetrics-02","Toy Store E-Commerce Database","website_sessions","device_type","subscription_plan","Category","0.192","Low"
"RetailMetrics-02","Toy Store E-Commerce Database","website_sessions","http_referer","geo_dimension","Geography","0.07","Low"
"SME_Financial_Solution","Financial_Technology_Solutions","accounts","AccountID","quantity","Quantity","0.05","Low"
"SME_Financial_Solution","Financial_Technology_Solutions","accounts","CustomerID","quantity","Quantity","0.05","Low"
"SME_Financial_Solution","Financial_Technology_Solutions","accounts","AccountTypeID","quantity","Quantity","0.1","Low"
"SME_Financial_Solution","Financial_Technology_Solutions","accounts","AccountStatusID","quantity","Quantity","0.09","Low"
"SME_Financial_Solution","Financial_Technology_Solutions","accounts","Balance","quantity","Quantity","0.189","Low"
"SME_Financial_Solution","Financial_Technology_Solutions","accounts","OpeningDate","date","Date/time","1","High"
"SME_Financial_Solution","Financial_Technology_Solutions","account_statuses","AccountStatusID","rating","Rating","0.09","Low"
"SME_Financial_Solution","Financial_Technology_Solutions","account_statuses","StatusName","geo_dimension","Geography","0.03","Low"
"SME_Financial_Solution","Financial_Technology_Solutions","account_types","AccountTypeID","rating","Rating","0.09","Low"
"SME_Financial_Solution","Financial_Technology_Solutions","account_types","TypeName","geo_dimension","Geography","0.03","Low"
"SME_Financial_Solution","Financial_Technology_Solutions","addresses","AddressID","duration","Quantity","0.06","Low"
"SME_Financial_Solution","Financial_Technology_Solutions","addresses","Street","name_label","Free text","0.095","Low"
"SME_Financial_Solution","Financial_Technology_Solutions","addresses","City","name_label","Free text","0.83","High"
"SME_Financial_Solution","Financial_Technology_Solutions","addresses","Country","geo_dimension","Geography","0.9","High"
"SME_Financial_Solution","Financial_Technology_Solutions","branches","BranchID","availability","Status","0.03","Low"
"SME_Financial_Solution","Financial_Technology_Solutions","branches","BranchName","customer_id","Identifier","0.54","Medium"
"SME_Financial_Solution","Financial_Technology_Solutions","branches","AddressID","duration","Quantity","0.06","Low"
"SME_Financial_Solution","Financial_Technology_Solutions","customers","CustomerID","quantity","Quantity","0.05","Low"
"SME_Financial_Solution","Financial_Technology_Solutions","customers","FirstName","name_label","Free text","0","Low"
"SME_Financial_Solution","Financial_Technology_Solutions","customers","LastName","name_label","Free text","-0.022","Low"
"SME_Financial_Solution","Financial_Technology_Solutions","customers","DateOfBirth","date","Date/time","1","High"
"SME_Financial_Solution","Financial_Technology_Solutions","customers","AddressID","quantity","Quantity","0.06","Low"
"SME_Financial_Solution","Financial_Technology_Solutions","customers","CustomerTypeID","quantity","Quantity","0.1","Low"
"SME_Financial_Solution","Financial_Technology_Solutions","customer_types","CustomerTypeID","rating","Rating","0.09","Low"
"SME_Financial_Solution","Financial_Technology_Solutions","customer_types","TypeName","geo_dimension","Geography","0.03","Low"
"SME_Financial_Solution","Financial_Technology_Solutions","loans","LoanID","quantity","Quantity","0.05","Low"
"SME_Financial_Solution","Financial_Technology_Solutions","loans","AccountID","quantity","Quantity","0.05","Low"
"SME_Financial_Solution","Financial_Technology_Solutions","loans","LoanStatusID","quantity","Quantity","0.09","Low"
"SME_Financial_Solution","Financial_Technology_Solutions","loans","PrincipalAmount","quantity","Quantity","0.05","Low"
"SME_Financial_Solution","Financial_Technology_Solutions","loans","InterestRate","quantity","Quantity","0.07","Low"
"SME_Financial_Solution","Financial_Technology_Solutions","loans","StartDate","date","Date/time","1","High"
"SME_Financial_Solution","Financial_Technology_Solutions","loans","EstimatedEndDate","","other","",""
"SME_Financial_Solution","Financial_Technology_Solutions","loan_statuses","LoanStatusID","rating","Rating","0.09","Low"
"SME_Financial_Solution","Financial_Technology_Solutions","loan_statuses","StatusName","geo_dimension","Geography","0.03","Low"
"SME_Financial_Solution","Financial_Technology_Solutions","transactions","TransactionID","quantity","Quantity","0.05","Low"
"SME_Financial_Solution","Financial_Technology_Solutions","transactions","AccountOriginID","quantity","Quantity","0.05","Low"
"SME_Financial_Solution","Financial_Technology_Solutions","transactions","AccountDestinationID","quantity","Quantity","0.05","Low"
"SME_Financial_Solution","Financial_Technology_Solutions","transactions","TransactionTypeID","quantity","Quantity","0.1","Low"
"SME_Financial_Solution","Financial_Technology_Solutions","transactions","Amount","revenue","Monetary amount","0.9","High"
"SME_Financial_Solution","Financial_Technology_Solutions","transactions","TransactionDate","","other","",""
"SME_Financial_Solution","Financial_Technology_Solutions","transactions","BranchID","quantity","Quantity","0.1","Low"
"SME_Financial_Solution","Financial_Technology_Solutions","transactions","Description","date","Date/time","1","High"
"SME_Financial_Solution","Financial_Technology_Solutions","transaction_types","TransactionTypeID","rating","Rating","0.09","Low"
"SME_Financial_Solution","Financial_Technology_Solutions","transaction_types","TypeName","geo_dimension","Geography","0.03","Low"
"SME-ECOMINSIGHT","Indian E-Commerce Sales Analytics Dataset","customers","Customer_ID","customer_id","Identifier","0.85","High"
"SME-ECOMINSIGHT","Indian E-Commerce Sales Analytics Dataset","customers","Customer_Name","name_label","Free text","0.186","Low"
"SME-ECOMINSIGHT","Indian E-Commerce Sales Analytics Dataset","customers","Gender","status","Status","0.103","Low"
"SME-ECOMINSIGHT","Indian E-Commerce Sales Analytics Dataset","customers","Age","quantity","Quantity","0.226","Low"
"SME-ECOMINSIGHT","Indian E-Commerce Sales Analytics Dataset","customers","Age_Group","status","Status","0.159","Low"
"SME-ECOMINSIGHT","Indian E-Commerce Sales Analytics Dataset","customers","Date_of_Birth","date","Date/time","1","High"
"SME-ECOMINSIGHT","Indian E-Commerce Sales Analytics Dataset","customers","Email","name_label","Free text","0.061","Low"
"SME-ECOMINSIGHT","Indian E-Commerce Sales Analytics Dataset","customers","Phone","order_id","Identifier","0.632","Low"
"SME-ECOMINSIGHT","Indian E-Commerce Sales Analytics Dataset","customers","City","geo_dimension","Geography","0.9","High"
"SME-ECOMINSIGHT","Indian E-Commerce Sales Analytics Dataset","customers","State","geo_dimension","Geography","0.9","High"
"SME-ECOMINSIGHT","Indian E-Commerce Sales Analytics Dataset","customers","Pincode","quantity","Quantity","0.065","Low"
"SME-ECOMINSIGHT","Indian E-Commerce Sales Analytics Dataset","customers","Registration_Date","","other","",""
"SME-ECOMINSIGHT","Indian E-Commerce Sales Analytics Dataset","customers","Customer_Tier","subscription_plan","Category","0.254","Low"
"SME-ECOMINSIGHT","Indian E-Commerce Sales Analytics Dataset","customers","Total_Orders","revenue","Monetary amount","0.94","High"
"SME-ECOMINSIGHT","Indian E-Commerce Sales Analytics Dataset","customers","Total_Spent","revenue","Monetary amount","0.94","High"
"SME-ECOMINSIGHT","Indian E-Commerce Sales Analytics Dataset","products","Product_ID","product_id","Identifier","0.85","High"
"SME-ECOMINSIGHT","Indian E-Commerce Sales Analytics Dataset","products","Product_Name","name_label","Free text","0.231","Low"
"SME-ECOMINSIGHT","Indian E-Commerce Sales Analytics Dataset","products","Category","cost_category","Category","0.225","Low"
"SME-ECOMINSIGHT","Indian E-Commerce Sales Analytics Dataset","products","Brand","geo_dimension","Geography","0.155","Low"
"SME-ECOMINSIGHT","Indian E-Commerce Sales Analytics Dataset","products","Original_Price","price","Monetary amount","0.94","High"
"SME-ECOMINSIGHT","Indian E-Commerce Sales Analytics Dataset","products","Discount_Percent","discount","Monetary amount","0.89","High"
"SME-ECOMINSIGHT","Indian E-Commerce Sales Analytics Dataset","products","Discount_Amount","discount","Monetary amount","0.81","High"
"SME-ECOMINSIGHT","Indian E-Commerce Sales Analytics Dataset","products","Selling_Price","price","Monetary amount","0.94","High"
"SME-ECOMINSIGHT","Indian E-Commerce Sales Analytics Dataset","products","Stock_Quantity","quantity","Quantity","0.93","High"
"SME-ECOMINSIGHT","Indian E-Commerce Sales Analytics Dataset","products","Weight_kg","rating","Rating","0.148","Low"
"SME-ECOMINSIGHT","Indian E-Commerce Sales Analytics Dataset","products","Avg_Rating","rating","Rating","0.88","High"
"SME-ECOMINSIGHT","Indian E-Commerce Sales Analytics Dataset","products","Total_Reviews","revenue","Monetary amount","0.86","High"
"SME-ECOMINSIGHT","Indian E-Commerce Sales Analytics Dataset","sales","Order_ID","order_id","Identifier","0.93","High"
"SME-ECOMINSIGHT","Indian E-Commerce Sales Analytics Dataset","sales","Customer_ID","customer_id","Identifier","0.89","High"
"SME-ECOMINSIGHT","Indian E-Commerce Sales Analytics Dataset","sales","Product_ID","product_id","Identifier","0.89","High"
"SME-ECOMINSIGHT","Indian E-Commerce Sales Analytics Dataset","sales","Order_Date","date","Date/time","1","High"
"SME-ECOMINSIGHT","Indian E-Commerce Sales Analytics Dataset","sales","Order_Time","name_label","Free text","0.138","Low"
"SME-ECOMINSIGHT","Indian E-Commerce Sales Analytics Dataset","sales","Delivery_Date","","other","",""
"SME-ECOMINSIGHT","Indian E-Commerce Sales Analytics Dataset","sales","Quantity","quantity","Quantity","0.93","High"
"SME-ECOMINSIGHT","Indian E-Commerce Sales Analytics Dataset","sales","Unit_Price","price","Monetary amount","0.88","High"
"SME-ECOMINSIGHT","Indian E-Commerce Sales Analytics Dataset","sales","Order_Value","revenue","Monetary amount","0.352","Low"
"SME-ECOMINSIGHT","Indian E-Commerce Sales Analytics Dataset","sales","Shipping_Cost","price","Monetary amount","0.88","High"
"SME-ECOMINSIGHT","Indian E-Commerce Sales Analytics Dataset","sales","Coupon_Code","subscription_plan","Category","0.142","Low"
"SME-ECOMINSIGHT","Indian E-Commerce Sales Analytics Dataset","sales","Coupon_Discount","discount","Monetary amount","0.81","High"
"SME-ECOMINSIGHT","Indian E-Commerce Sales Analytics Dataset","sales","Total_Amount","revenue","Monetary amount","0.94","High"
"SME-ECOMINSIGHT","Indian E-Commerce Sales Analytics Dataset","sales","Payment_Mode","subscription_plan","Category","0.166","Low"
"SME-ECOMINSIGHT","Indian E-Commerce Sales Analytics Dataset","sales","Order_Status","status","Status","0.9","High"
"SME-ECOMINSIGHT","Indian E-Commerce Sales Analytics Dataset","sales","Rating","rating","Rating","0.88","High"
"SME-ECOMINSIGHT","Indian E-Commerce Sales Analytics Dataset","sales","Review_Text","status","Status","0.135","Low"
"SME-ECOMINSIGHT","Indian E-Commerce Sales Analytics Dataset","sales","City","geo_dimension","Geography","0.9","High"
"SME-ECOMINSIGHT","Indian E-Commerce Sales Analytics Dataset","sales","State","geo_dimension","Geography","0.9","High"
"SME-ECOMINSIGHT","Indian E-Commerce Sales Analytics Dataset","sales","Customer_Age","revenue","Monetary amount","0.277","Low"
"SME-ECOMINSIGHT","Indian E-Commerce Sales Analytics Dataset","sales","Customer_Age_Group","subscription_plan","Category","0.156","Low"
"SME-AdventureWorks","Dim_Shipmethod","dimproducts","ProductID","duration","Quantity","0.06","Low"
"SME-AdventureWorks","Dim_Shipmethod","dimproducts","Product","product_id","Identifier","0.85","High"
"SME-AdventureWorks","Dim_Shipmethod","dimproducts","Subcategory","geo_dimension","Geography","0.07","Low"
"SME-AdventureWorks","Dim_Shipmethod","dimproducts","Category","cost_category","Category","0.225","Low"
"SME-AdventureWorks","Dim_Shipmethod","dimproducts","Color","geo_dimension","Geography","0.147","Low"
"SME-AdventureWorks","Dim_Shipmethod","dimsalesperson","SalesPersonID","duration","Quantity","0.05","Low"
"SME-AdventureWorks","Dim_Shipmethod","dimsalesperson","Title","name_label","Free text","0.83","High"
"SME-AdventureWorks","Dim_Shipmethod","dimsalesperson","FullName","geo_dimension","Geography","0.03","Low"
"SME-AdventureWorks","Dim_Shipmethod","dimsalesperson","JobTitle","geo_dimension","Geography","0.04","Low"
"SME-AdventureWorks","Dim_Shipmethod","dimsalesperson","PhoneNumber","","other","",""
"SME-AdventureWorks","Dim_Shipmethod","dimsalesperson","PhoneNumberType","","other","",""
"SME-AdventureWorks","Dim_Shipmethod","dimsalesperson","EmailAddress","geo_dimension","Geography","0.03","Low"
"SME-AdventureWorks","Dim_Shipmethod","dimsalesperson","AddressLine1","geo_dimension","Geography","0.03","Low"
"SME-AdventureWorks","Dim_Shipmethod","dimsalesperson","City","geo_dimension","Geography","0.9","High"
"SME-AdventureWorks","Dim_Shipmethod","dimsalesperson","StateProvinceName","geo_dimension","Geography","0.03","Low"
"SME-AdventureWorks","Dim_Shipmethod","dimsalesperson","PostalCode","","other","",""
"SME-AdventureWorks","Dim_Shipmethod","dimsalesperson","CountryRegionName","geo_dimension","Geography","0.04","Low"
"SME-AdventureWorks","Dim_Shipmethod","dimsalesperson","TerritoryName","geo_dimension","Geography","0.03","Low"
"SME-AdventureWorks","Dim_Shipmethod","dim_shipmethod","ShipMethodID","rating","Rating","0.09","Low"
"SME-AdventureWorks","Dim_Shipmethod","dim_shipmethod","ShipMethod","geo_dimension","Geography","0.03","Low"
"SME-AdventureWorks","Dim_Shipmethod","dim_status","StatusID","rating","Rating","0.09","Low"
"SME-AdventureWorks","Dim_Shipmethod","dim_status","Status","status","Status","0.9","High"
"SME-AdventureWorks","Dim_Shipmethod","dim_territory","TerritoryID","rating","Rating","0.09","Low"
"SME-AdventureWorks","Dim_Shipmethod","dim_territory","Territory","geo_dimension","Geography","0.9","High"
"SME-AdventureWorks","Dim_Shipmethod","dim_territory","CountryRegionCode","geo_dimension","Geography","0.03","Low"
"SME-AdventureWorks","Dim_Shipmethod","dim_territory","Group","geo_dimension","Geography","0.212","Low"
"SME-AdventureWorks","Dim_Shipmethod","fact_orderdetails","OrderID","quantity","Quantity","0.05","Low"
"SME-AdventureWorks","Dim_Shipmethod","fact_orderdetails","OrderDetailID","quantity","Quantity","0.05","Low"
"SME-AdventureWorks","Dim_Shipmethod","fact_orderdetails","ProductID","quantity","Quantity","0.05","Low"
"SME-AdventureWorks","Dim_Shipmethod","fact_orderdetails","OrderQty","quantity","Quantity","0.93","High"
"SME-AdventureWorks","Dim_Shipmethod","fact_orderdetails","UnitPrice","price","Monetary amount","0.88","High"
"SME-AdventureWorks","Dim_Shipmethod","fact_orderdetails","LineTotal","revenue","Monetary amount","0.9","High"
"SME-AdventureWorks","Dim_Shipmethod","fact_orderdetails","OrderDateKey","quantity","Quantity","0.05","Low"
"SME-AdventureWorks","Dim_Shipmethod","fact_orderdetails","DueDateKey","quantity","Quantity","0.05","Low"
"SME-AdventureWorks","Dim_Shipmethod","fact_orderdetails","ShipDateKey","quantity","Quantity","0.05","Low"
"SME-AdventureWorks","Dim_Shipmethod","fact_orderdetails","StatusID","quantity","Quantity","0.09","Low"
"SME-AdventureWorks","Dim_Shipmethod","fact_orderdetails","OnlineOrderFlag","availability","Status","0.06","Low"
"SME-AdventureWorks","Dim_Shipmethod","fact_orderdetails","CustomerID","quantity","Quantity","0.05","Low"
"SME-AdventureWorks","Dim_Shipmethod","fact_orderdetails","SalesPersonID","quantity","Quantity","0.06","Low"
"SME-AdventureWorks","Dim_Shipmethod","fact_orderdetails","TerritoryID","quantity","Quantity","0.1","Low"
"SME-AdventureWorks","Dim_Shipmethod","fact_orderdetails","ShipMethodID","quantity","Quantity","0.1","Low"
"SME-AdventureWorks","Dim_Shipmethod","fact_orderdetails","TaxAmt","quantity","Quantity","0.06","Low"
"SME-AdventureWorks","Dim_Shipmethod","fact_orderdetails","Freight","quantity","Quantity","0.191","Low"
"SME-AdventureWorks","Dim_Shipmethod","fact_orderdetails","TotalDue","quantity","Quantity","0.05","Low"
"SME-AdventureWorks","Dim_Shipmethod","fact_orderdetails","OrderDate","date","Date/time","1","High"
"SME-AdventureWorks","Dim_Shipmethod","fact_orderdetails","DueDate","","other","",""
"SME-AdventureWorks","Dim_Shipmethod","fact_orderdetails","ShipDate","","other","",""
"SME_Retail_Transaction_Data_08","SME Retail Transaction Data","categories","category_id","product_id","Identifier","0.55","Medium"
"SME_Retail_Transaction_Data_08","SME Retail Transaction Data","categories","category_name","customer_id","Identifier","0.54","Medium"
"SME_Retail_Transaction_Data_08","SME Retail Transaction Data","customers","customer_id","customer_id","Identifier","0.85","High"
"SME_Retail_Transaction_Data_08","SME Retail Transaction Data","customers","city","geo_dimension","Geography","0.9","High"
"SME_Retail_Transaction_Data_08","SME Retail Transaction Data","customers","signup_date","date","Date/time","1","High"
"SME_Retail_Transaction_Data_08","SME Retail Transaction Data","employees","employee_id","customer_id","Identifier","0.559","Low"
"SME_Retail_Transaction_Data_08","SME Retail Transaction Data","employees","store_id","merchant_id","Identifier","0.89","High"
"SME_Retail_Transaction_Data_08","SME Retail Transaction Data","employees","salary","revenue","Monetary amount","0.173","Low"
"SME_Retail_Transaction_Data_08","SME Retail Transaction Data","order_items","order_item_id","order_id","Identifier","0.53","Medium"
"SME_Retail_Transaction_Data_08","SME Retail Transaction Data","order_items","order_id","order_id","Identifier","0.82","High"
"SME_Retail_Transaction_Data_08","SME Retail Transaction Data","order_items","product_id","product_id","Identifier","0.89","High"
"SME_Retail_Transaction_Data_08","SME Retail Transaction Data","order_items","qty","quantity","Quantity","0.93","High"
"SME_Retail_Transaction_Data_08","SME Retail Transaction Data","order_items","price","price","Monetary amount","0.88","High"
"SME_Retail_Transaction_Data_08","SME Retail Transaction Data","orders","order_id","order_id","Identifier","0.93","High"
"SME_Retail_Transaction_Data_08","SME Retail Transaction Data","orders","customer_id","customer_id","Identifier","0.89","High"
"SME_Retail_Transaction_Data_08","SME Retail Transaction Data","orders","store_id","merchant_id","Identifier","0.89","High"
"SME_Retail_Transaction_Data_08","SME Retail Transaction Data","orders","order_date","date","Date/time","1","High"
"SME_Retail_Transaction_Data_08","SME Retail Transaction Data","orders","promotion_id","order_id","Identifier","0.52","Medium"
"SME_Retail_Transaction_Data_08","SME Retail Transaction Data","payments","payment_id","order_id","Identifier","0.53","Medium"
"SME_Retail_Transaction_Data_08","SME Retail Transaction Data","payments","order_id","order_id","Identifier","0.88","High"
"SME_Retail_Transaction_Data_08","SME Retail Transaction Data","payments","amount","revenue","Monetary amount","0.9","High"
"SME_Retail_Transaction_Data_08","SME Retail Transaction Data","products","product_id","product_id","Identifier","0.89","High"
"SME_Retail_Transaction_Data_08","SME Retail Transaction Data","products","category_id","customer_id","Identifier","0.54","Medium"
"SME_Retail_Transaction_Data_08","SME Retail Transaction Data","products","supplier_id","customer_id","Identifier","0.54","Medium"
"SME_Retail_Transaction_Data_08","SME Retail Transaction Data","products","price","price","Monetary amount","0.94","High"
"SME_Retail_Transaction_Data_08","SME Retail Transaction Data","promotions","promotion_id","customer_id","Identifier","0.54","Medium"
"SME_Retail_Transaction_Data_08","SME Retail Transaction Data","promotions","discount","discount","Monetary amount","0.89","High"
"SME_Retail_Transaction_Data_08","SME Retail Transaction Data","returns","return_id","customer_id","Identifier","0.549","Low"
"SME_Retail_Transaction_Data_08","SME Retail Transaction Data","returns","order_item_id","customer_id","Identifier","0.54","Medium"
"SME_Retail_Transaction_Data_08","SME Retail Transaction Data","returns","refund","cost","Monetary amount","0.15","Low"
"SME_Retail_Transaction_Data_08","SME Retail Transaction Data","shipments","shipment_id","order_id","Identifier","0.53","Medium"
"SME_Retail_Transaction_Data_08","SME Retail Transaction Data","shipments","order_id","order_id","Identifier","0.88","High"
"SME_Retail_Transaction_Data_08","SME Retail Transaction Data","shipments","status","status","Status","0.9","High"
"SME_Retail_Transaction_Data_08","SME Retail Transaction Data","stores","store_id","merchant_id","Identifier","0.85","High"
"SME_Retail_Transaction_Data_08","SME Retail Transaction Data","stores","city","geo_dimension","Geography","0.9","High"
"SME_Retail_Transaction_Data_08","SME Retail Transaction Data","suppliers","supplier_id","product_id","Identifier","0.55","Medium"
"SME_Retail_Transaction_Data_08","SME Retail Transaction Data","suppliers","country","geo_dimension","Geography","0.9","High"
"AVR_Airbnb_02","Seattle Airbnb Open Data","admin_users","id","order_id","Identifier","0.599","Low"
"AVR_Airbnb_02","Seattle Airbnb Open Data","admin_users","name","name_label","Free text","0.83","High"
"AVR_Airbnb_02","Seattle Airbnb Open Data","admin_users","email","cost_category","Category","0.091","Low"
"AVR_Airbnb_02","Seattle Airbnb Open Data","admin_users","password","cost_category","Category","0.085","Low"
"AVR_Airbnb_02","Seattle Airbnb Open Data","admin_users","phone","","other","",""
"AVR_Airbnb_02","Seattle Airbnb Open Data","admin_users","profile_image","name_label","Free text","0.149","Low"
"AVR_Airbnb_02","Seattle Airbnb Open Data","admin_users","is_active","availability","Status","0.215","Low"
"AVR_Airbnb_02","Seattle Airbnb Open Data","admin_users","failed_login_count","quantity","Quantity","0.86","High"
"AVR_Airbnb_02","Seattle Airbnb Open Data","admin_users","locked_until","geo_dimension","Geography","0.154","Low"
"AVR_Airbnb_02","Seattle Airbnb Open Data","admin_users","last_login_at","geo_dimension","Geography","0.134","Low"
"AVR_Airbnb_02","Seattle Airbnb Open Data","admin_users","remember_token","name_label","Free text","0.111","Low"
"AVR_Airbnb_02","Seattle Airbnb Open Data","admin_users","created_at","date","Date/time","1","High"
"AVR_Airbnb_02","Seattle Airbnb Open Data","admin_users","updated_at","","other","",""
"AVR_Airbnb_02","Seattle Airbnb Open Data","audit_logs","id","order_id","Identifier","0.599","Low"
"AVR_Airbnb_02","Seattle Airbnb Open Data","audit_logs","actor_type","subscription_plan","Category","0.128","Low"
"AVR_Airbnb_02","Seattle Airbnb Open Data","audit_logs","actor_id","order_id","Identifier","0.52","Medium"
"AVR_Airbnb_02","Seattle Airbnb Open Data","audit_logs","actor_role","status","Status","0.117","Low"
"AVR_Airbnb_02","Seattle Airbnb Open Data","audit_logs","action","status","Status","0.141","Low"
"AVR_Airbnb_02","Seattle Airbnb Open Data","audit_logs","entity_type","cost_category","Category","0.175","Low"
"AVR_Airbnb_02","Seattle Airbnb Open Data","audit_logs","entity_id","order_id","Identifier","0.539","Low"
"AVR_Airbnb_02","Seattle Airbnb Open Data","audit_logs","old_values","geo_dimension","Geography","0.16","Low"
"AVR_Airbnb_02","Seattle Airbnb Open Data","audit_logs","new_values","status","Status","0.152","Low"
"AVR_Airbnb_02","Seattle Airbnb Open Data","audit_logs","metadata","cost_category","Category","0.084","Low"
"AVR_Airbnb_02","Seattle Airbnb Open Data","audit_logs","ip_address","cost_category","Category","0.108","Low"
"AVR_Airbnb_02","Seattle Airbnb Open Data","audit_logs","user_agent","cost_category","Category","0.158","Low"
"AVR_Airbnb_02","Seattle Airbnb Open Data","audit_logs","result","status","Status","0.177","Low"
"AVR_Airbnb_02","Seattle Airbnb Open Data","audit_logs","created_at","date","Date/time","1","High"
"AVR_Airbnb_02","Seattle Airbnb Open Data","bookings","id","order_id","Identifier","0.599","Low"
"AVR_Airbnb_02","Seattle Airbnb Open Data","bookings","customer_user_id","customer_id","Identifier","0.54","Medium"
"AVR_Airbnb_02","Seattle Airbnb Open Data","bookings","listing_id","product_id","Identifier","0.89","High"
"AVR_Airbnb_02","Seattle Airbnb Open Data","bookings","check_in","date","Date/time","1","High"
"AVR_Airbnb_02","Seattle Airbnb Open Data","bookings","check_out","","other","",""
"AVR_Airbnb_02","Seattle Airbnb Open Data","bookings","guests","quantity","Quantity","0.169","Low"
"AVR_Airbnb_02","Seattle Airbnb Open Data","bookings","nights","quantity","Quantity","0.178","Low"
"AVR_Airbnb_02","Seattle Airbnb Open Data","bookings","nightly_rate","price","Monetary amount","0.88","High"
"AVR_Airbnb_02","Seattle Airbnb Open Data","bookings","cleaning_fee","quantity","Quantity","0.252","Low"
"AVR_Airbnb_02","Seattle Airbnb Open Data","bookings","extra_guest_charges","quantity","Quantity","0.273","Low"
"AVR_Airbnb_02","Seattle Airbnb Open Data","bookings","total_amount","revenue","Monetary amount","0.9","High"
"AVR_Airbnb_02","Seattle Airbnb Open Data","bookings","status","status","Status","0.9","High"
"AVR_Airbnb_02","Seattle Airbnb Open Data","bookings","created_at","","other","",""
"AVR_Airbnb_02","Seattle Airbnb Open Data","bookings","updated_at","","other","",""
"AVR_Airbnb_02","Seattle Airbnb Open Data","calendar","listing_id","product_id","Identifier","0.89","High"
"AVR_Airbnb_02","Seattle Airbnb Open Data","calendar","date","date","Date/time","1","High"
"AVR_Airbnb_02","Seattle Airbnb Open Data","calendar","available","availability","Status","0.82","High"
"AVR_Airbnb_02","Seattle Airbnb Open Data","calendar","price","subscription_plan","Category","0.135","Low"
"AVR_Airbnb_02","Seattle Airbnb Open Data","calendar","created_at","","other","",""
"AVR_Airbnb_02","Seattle Airbnb Open Data","calendar","updated_at","","other","",""
"AVR_Airbnb_02","Seattle Airbnb Open Data","customer_users","id","order_id","Identifier","0.599","Low"
"AVR_Airbnb_02","Seattle Airbnb Open Data","customer_users","name","name_label","Free text","0.83","High"
"AVR_Airbnb_02","Seattle Airbnb Open Data","customer_users","email","cost_category","Category","0.091","Low"
"AVR_Airbnb_02","Seattle Airbnb Open Data","customer_users","password","cost_category","Category","0.085","Low"
"AVR_Airbnb_02","Seattle Airbnb Open Data","customer_users","phone","","other","",""
"AVR_Airbnb_02","Seattle Airbnb Open Data","customer_users","profile_image","name_label","Free text","0.139","Low"
"AVR_Airbnb_02","Seattle Airbnb Open Data","customer_users","is_active","availability","Status","0.215","Low"
"AVR_Airbnb_02","Seattle Airbnb Open Data","customer_users","email_verified","availability","Status","0.087","Low"
"AVR_Airbnb_02","Seattle Airbnb Open Data","customer_users","email_verified_at","cost_category","Category","0.14","Low"
"AVR_Airbnb_02","Seattle Airbnb Open Data","customer_users","failed_login_count","quantity","Quantity","0.86","High"
"AVR_Airbnb_02","Seattle Airbnb Open Data","customer_users","locked_until","geo_dimension","Geography","0.154","Low"
"AVR_Airbnb_02","Seattle Airbnb Open Data","customer_users","last_login_at","date","Date/time","1","High"
"AVR_Airbnb_02","Seattle Airbnb Open Data","customer_users","remember_token","name_label","Free text","0.111","Low"
"AVR_Airbnb_02","Seattle Airbnb Open Data","customer_users","created_at","","other","",""
"AVR_Airbnb_02","Seattle Airbnb Open Data","customer_users","updated_at","","other","",""
"AVR_Airbnb_02","Seattle Airbnb Open Data","email_verifications","id","order_id","Identifier","0.599","Low"
"AVR_Airbnb_02","Seattle Airbnb Open Data","email_verifications","customer_user_id","order_id","Identifier","0.58","Medium"
"AVR_Airbnb_02","Seattle Airbnb Open Data","email_verifications","pin_hash","cost_category","Category","0.08","Low"
"AVR_Airbnb_02","Seattle Airbnb Open Data","email_verifications","attempts","availability","Status","0.116","Low"
"AVR_Airbnb_02","Seattle Airbnb Open Data","email_verifications","expires_at","date","Date/time","1","High"
"AVR_Airbnb_02","Seattle Airbnb Open Data","email_verifications","used_at","geo_dimension","Geography","0.147","Low"
"AVR_Airbnb_02","Seattle Airbnb Open Data","email_verifications","created_at","","other","",""
"AVR_Airbnb_02","Seattle Airbnb Open Data","email_verifications","updated_at","","other","",""
"AVR_Airbnb_02","Seattle Airbnb Open Data","listings","id","order_id","Identifier","0.599","Low"
"AVR_Airbnb_02","Seattle Airbnb Open Data","listings","name","name_label","Free text","0.83","High"
"AVR_Airbnb_02","Seattle Airbnb Open Data","listings","summary","name_label","Free text","0.045","Low"
"AVR_Airbnb_02","Seattle Airbnb Open Data","listings","description","name_label","Free text","0.131","Low"
"AVR_Airbnb_02","Seattle Airbnb Open Data","listings","image","name_label","Free text","0.146","Low"
"AVR_Airbnb_02","Seattle Airbnb Open Data","listings","property_type","subscription_plan","Category","0.278","Low"
"AVR_Airbnb_02","Seattle Airbnb Open Data","listings","room_type","subscription_plan","Category","0.277","Low"
"AVR_Airbnb_02","Seattle Airbnb Open Data","listings","accommodates","quantity","Quantity","0.132","Low"
"AVR_Airbnb_02","Seattle Airbnb Open Data","listings","bedrooms","quantity","Quantity","0.154","Low"
"AVR_Airbnb_02","Seattle Airbnb Open Data","listings","beds","quantity","Quantity","0.173","Low"
"AVR_Airbnb_02","Seattle Airbnb Open Data","listings","bathrooms","quantity","Quantity","0.142","Low"
"AVR_Airbnb_02","Seattle Airbnb Open Data","listings","bed_type","subscription_plan","Category","0.186","Low"
"AVR_Airbnb_02","Seattle Airbnb Open Data","listings","host_id","order_id","Identifier","0.538","Low"
"AVR_Airbnb_02","Seattle Airbnb Open Data","listings","host_name","name_label","Free text","0.187","Low"
"AVR_Airbnb_02","Seattle Airbnb Open Data","listings","street","name_label","Free text","0.095","Low"
"AVR_Airbnb_02","Seattle Airbnb Open Data","listings","neighborhood","geo_dimension","Geography","0.159","Low"
"AVR_Airbnb_02","Seattle Airbnb Open Data","listings","city","geo_dimension","Geography","0.9","High"
"AVR_Airbnb_02","Seattle Airbnb Open Data","listings","state","geo_dimension","Geography","0.9","High"
"AVR_Airbnb_02","Seattle Airbnb Open Data","listings","zipcode","","other","",""
"AVR_Airbnb_02","Seattle Airbnb Open Data","listings","country","geo_dimension","Geography","0.9","High"
"AVR_Airbnb_02","Seattle Airbnb Open Data","listings","latitude","","other","",""
"AVR_Airbnb_02","Seattle Airbnb Open Data","listings","longitude","","other","",""
"AVR_Airbnb_02","Seattle Airbnb Open Data","listings","price","price","Monetary amount","0.88","High"
"AVR_Airbnb_02","Seattle Airbnb Open Data","listings","weekly_price","cost_category","Category","0.135","Low"
"AVR_Airbnb_02","Seattle Airbnb Open Data","listings","monthly_price","cost_category","Category","0.134","Low"
"AVR_Airbnb_02","Seattle Airbnb Open Data","listings","security_deposit","subscription_plan","Category","0.147","Low"
"AVR_Airbnb_02","Seattle Airbnb Open Data","listings","cleaning_fee","subscription_plan","Category","0.138","Low"
"AVR_Airbnb_02","Seattle Airbnb Open Data","listings","guests_included","quantity","Quantity","0.29","Low"
"AVR_Airbnb_02","Seattle Airbnb Open Data","listings","extra_people_fee","quantity","Quantity","0.348","Low"
"AVR_Airbnb_02","Seattle Airbnb Open Data","listings","minimum_nights","quantity","Quantity","0.251","Low"
"AVR_Airbnb_02","Seattle Airbnb Open Data","listings","maximum_nights","quantity","Quantity","0.18","Low"
"AVR_Airbnb_02","Seattle Airbnb Open Data","listings","review_score_rating","rating","Rating","0.77","High"
"AVR_Airbnb_02","Seattle Airbnb Open Data","listings","number_of_reviews","","other","",""
"AVR_Airbnb_02","Seattle Airbnb Open Data","listings","status","status","Status","0.9","High"
"AVR_Airbnb_02","Seattle Airbnb Open Data","listings","created_at","date","Date/time","1","High"
"AVR_Airbnb_02","Seattle Airbnb Open Data","listings","updated_at","","other","",""
"AVR_Airbnb_02","Seattle Airbnb Open Data","migrations","id","customer_id","Identifier","0.58","Medium"
"AVR_Airbnb_02","Seattle Airbnb Open Data","migrations","migration","geo_dimension","Geography","0.128","Low"
"AVR_Airbnb_02","Seattle Airbnb Open Data","migrations","batch","rating","Rating","0.163","Low"
"AVR_Airbnb_02","Seattle Airbnb Open Data","payments","id","order_id","Identifier","0.58","Medium"
"AVR_Airbnb_02","Seattle Airbnb Open Data","payments","booking_id","order_id","Identifier","0.93","High"
"AVR_Airbnb_02","Seattle Airbnb Open Data","payments","customer_user_id","customer_id","Identifier","0.54","Medium"
"AVR_Airbnb_02","Seattle Airbnb Open Data","payments","amount","revenue","Monetary amount","0.94","High"
"AVR_Airbnb_02","Seattle Airbnb Open Data","payments","method","cost_category","Category","0.123","Low"
"AVR_Airbnb_02","Seattle Airbnb Open Data","payments","reference_number","order_id","Identifier","0.58","Medium"
"AVR_Airbnb_02","Seattle Airbnb Open Data","payments","proof_path","geo_dimension","Geography","0.127","Low"
"AVR_Airbnb_02","Seattle Airbnb Open Data","payments","transfer_date","date","Date/time","1","High"
"AVR_Airbnb_02","Seattle Airbnb Open Data","payments","submitted_at","","other","",""
"AVR_Airbnb_02","Seattle Airbnb Open Data","payments","verified_at","geo_dimension","Geography","0.139","Low"
"AVR_Airbnb_02","Seattle Airbnb Open Data","payments","verified_by_admin_id","order_id","Identifier","0.52","Medium"
"AVR_Airbnb_02","Seattle Airbnb Open Data","payments","status","status","Status","0.9","High"
"AVR_Airbnb_02","Seattle Airbnb Open Data","payments","created_at","","other","",""
"AVR_Airbnb_02","Seattle Airbnb Open Data","payments","updated_at","","other","",""
"AVR_Airbnb_02","Seattle Airbnb Open Data","reviews","id","order_id","Identifier","0.599","Low"
"AVR_Airbnb_02","Seattle Airbnb Open Data","reviews","listing_id","product_id","Identifier","0.89","High"
"AVR_Airbnb_02","Seattle Airbnb Open Data","reviews","date","date","Date/time","1","High"
"AVR_Airbnb_02","Seattle Airbnb Open Data","reviews","reviewer_id","order_id","Identifier","0.561","Low"
"AVR_Airbnb_02","Seattle Airbnb Open Data","reviews","reviewer_name","name_label","Free text","0.191","Low"
"AVR_Airbnb_02","Seattle Airbnb Open Data","reviews","comments","name_label","Free text","0.085","Low"
"AVR_Airbnb_02","Seattle Airbnb Open Data","reviews","created_at","","other","",""
"AVR_Airbnb_02","Seattle Airbnb Open Data","reviews","updated_at","","other","",""
"AVR_Airbnb_02","Seattle Airbnb Open Data","sessions","id","customer_id","Identifier","0.536","Low"
"AVR_Airbnb_02","Seattle Airbnb Open Data","sessions","user_id","customer_id","Identifier","0.89","High"
"AVR_Airbnb_02","Seattle Airbnb Open Data","sessions","ip_address","geo_dimension","Geography","0.111","Low"
"AVR_Airbnb_02","Seattle Airbnb Open Data","sessions","user_agent","cost_category","Category","0.158","Low"
"AVR_Airbnb_02","Seattle Airbnb Open Data","sessions","payload","geo_dimension","Geography","0.079","Low"
"AVR_Airbnb_02","Seattle Airbnb Open Data","sessions","last_activity","duration","Quantity","0.219","Low"
"Pizza_Flow_02","Maven Pizza Challenge Dataset","audit_logs","id","order_id","Identifier","0.599","Low"
"Pizza_Flow_02","Maven Pizza Challenge Dataset","audit_logs","user_id","customer_id","Identifier","0.89","High"
"Pizza_Flow_02","Maven Pizza Challenge Dataset","audit_logs","user_name","name_label","Free text","0.197","Low"
"Pizza_Flow_02","Maven Pizza Challenge Dataset","audit_logs","action","status","Status","0.141","Low"
"Pizza_Flow_02","Maven Pizza Challenge Dataset","audit_logs","model_type","subscription_plan","Category","0.243","Low"
"Pizza_Flow_02","Maven Pizza Challenge Dataset","audit_logs","model_id","order_id","Identifier","0.541","Low"
"Pizza_Flow_02","Maven Pizza Challenge Dataset","audit_logs","description","name_label","Free text","0.131","Low"
"Pizza_Flow_02","Maven Pizza Challenge Dataset","audit_logs","created_at","date","Date/time","1","High"
"Pizza_Flow_02","Maven Pizza Challenge Dataset","customers","id","order_id","Identifier","0.599","Low"
"Pizza_Flow_02","Maven Pizza Challenge Dataset","customers","name","name_label","Free text","0.83","High"
"Pizza_Flow_02","Maven Pizza Challenge Dataset","customers","email","cost_category","Category","0.091","Low"
"Pizza_Flow_02","Maven Pizza Challenge Dataset","customers","phone","","other","",""
"Pizza_Flow_02","Maven Pizza Challenge Dataset","customers","password","cost_category","Category","0.085","Low"
"Pizza_Flow_02","Maven Pizza Challenge Dataset","customers","remember_token","name_label","Free text","0.111","Low"
"Pizza_Flow_02","Maven Pizza Challenge Dataset","customers","created_at","date","Date/time","1","High"
"Pizza_Flow_02","Maven Pizza Challenge Dataset","customers","updated_at","","other","",""
"Pizza_Flow_02","Maven Pizza Challenge Dataset","migrations","id","customer_id","Identifier","0.58","Medium"
"Pizza_Flow_02","Maven Pizza Challenge Dataset","migrations","migration","geo_dimension","Geography","0.128","Low"
"Pizza_Flow_02","Maven Pizza Challenge Dataset","migrations","batch","rating","Rating","0.163","Low"
"Pizza_Flow_02","Maven Pizza Challenge Dataset","order_details","order_details_id","order_id","Identifier","0.58","Medium"
"Pizza_Flow_02","Maven Pizza Challenge Dataset","order_details","order_id","order_id","Identifier","0.87","High"
"Pizza_Flow_02","Maven Pizza Challenge Dataset","order_details","pizza_id","order_id","Identifier","0.52","Medium"
"Pizza_Flow_02","Maven Pizza Challenge Dataset","order_details","quantity","quantity","Quantity","0.86","High"
"Pizza_Flow_02","Maven Pizza Challenge Dataset","order_details","created_at","date","Date/time","1","High"
"Pizza_Flow_02","Maven Pizza Challenge Dataset","order_details","updated_at","","other","",""
"Pizza_Flow_02","Maven Pizza Challenge Dataset","orders","order_id","order_id","Identifier","0.93","High"
"Pizza_Flow_02","Maven Pizza Challenge Dataset","orders","user_id","customer_id","Identifier","0.89","High"
"Pizza_Flow_02","Maven Pizza Challenge Dataset","orders","customer_id","customer_id","Identifier","0.89","High"
"Pizza_Flow_02","Maven Pizza Challenge Dataset","orders","customer_name","name_label","Free text","0.186","Low"
"Pizza_Flow_02","Maven Pizza Challenge Dataset","orders","customer_email","cost_category","Category","0.123","Low"
"Pizza_Flow_02","Maven Pizza Challenge Dataset","orders","customer_phone","","other","",""
"Pizza_Flow_02","Maven Pizza Challenge Dataset","orders","payment_status","status","Status","0.9","High"
"Pizza_Flow_02","Maven Pizza Challenge Dataset","orders","payment_method","status","Status","0.16","Low"
"Pizza_Flow_02","Maven Pizza Challenge Dataset","orders","payment_receipt_path","status","Status","0.168","Low"
"Pizza_Flow_02","Maven Pizza Challenge Dataset","orders","source","geo_dimension","Geography","0.136","Low"
"Pizza_Flow_02","Maven Pizza Challenge Dataset","orders","delivery_method","status","Status","0.171","Low"
"Pizza_Flow_02","Maven Pizza Challenge Dataset","orders","delivery_address","status","Status","0.175","Low"
"Pizza_Flow_02","Maven Pizza Challenge Dataset","orders","delivery_lat","status","Status","0.104","Low"
"Pizza_Flow_02","Maven Pizza Challenge Dataset","orders","delivery_lng","status","Status","0.121","Low"
"Pizza_Flow_02","Maven Pizza Challenge Dataset","orders","status","status","Status","0.9","High"
"Pizza_Flow_02","Maven Pizza Challenge Dataset","orders","accepted_by_id","order_id","Identifier","0.52","Medium"
"Pizza_Flow_02","Maven Pizza Challenge Dataset","orders","date","date","Date/time","1","High"
"Pizza_Flow_02","Maven Pizza Challenge Dataset","orders","time","order_id","Identifier","0.58","Medium"
"Pizza_Flow_02","Maven Pizza Challenge Dataset","orders","created_at","geo_dimension","Geography","0.147","Low"
"Pizza_Flow_02","Maven Pizza Challenge Dataset","orders","updated_at","","other","",""
"Pizza_Flow_02","Maven Pizza Challenge Dataset","pizzas","pizza_id","order_id","Identifier","0.621","Low"
"Pizza_Flow_02","Maven Pizza Challenge Dataset","pizzas","pizza_type_id","order_id","Identifier","0.546","Low"
"Pizza_Flow_02","Maven Pizza Challenge Dataset","pizzas","size","geo_dimension","Geography","0.116","Low"
"Pizza_Flow_02","Maven Pizza Challenge Dataset","pizzas","price","price","Monetary amount","0.88","High"
"Pizza_Flow_02","Maven Pizza Challenge Dataset","pizzas","created_at","date","Date/time","1","High"
"Pizza_Flow_02","Maven Pizza Challenge Dataset","pizzas","updated_at","","other","",""
"Pizza_Flow_02","Maven Pizza Challenge Dataset","pizza_types","pizza_type_id","order_id","Identifier","0.639","Low"
"Pizza_Flow_02","Maven Pizza Challenge Dataset","pizza_types","name","name_label","Free text","0.83","High"
"Pizza_Flow_02","Maven Pizza Challenge Dataset","pizza_types","category","cost_category","Category","0.175","Low"
"Pizza_Flow_02","Maven Pizza Challenge Dataset","pizza_types","ingredients","geo_dimension","Geography","0.084","Low"
"Pizza_Flow_02","Maven Pizza Challenge Dataset","pizza_types","created_at","date","Date/time","1","High"
"Pizza_Flow_02","Maven Pizza Challenge Dataset","pizza_types","updated_at","","other","",""
"Pizza_Flow_02","Maven Pizza Challenge Dataset","users","id","order_id","Identifier","0.599","Low"
"Pizza_Flow_02","Maven Pizza Challenge Dataset","users","name","name_label","Free text","0.83","High"
"Pizza_Flow_02","Maven Pizza Challenge Dataset","users","email","cost_category","Category","0.091","Low"
"Pizza_Flow_02","Maven Pizza Challenge Dataset","users","email_verified_at","cost_category","Category","0.14","Low"
"Pizza_Flow_02","Maven Pizza Challenge Dataset","users","password","cost_category","Category","0.085","Low"
"Pizza_Flow_02","Maven Pizza Challenge Dataset","users","role","geo_dimension","Geography","0.148","Low"
"Pizza_Flow_02","Maven Pizza Challenge Dataset","users","is_active","availability","Status","0.215","Low"
"Pizza_Flow_02","Maven Pizza Challenge Dataset","users","failed_attempts","availability","Status","0.159","Low"
"Pizza_Flow_02","Maven Pizza Challenge Dataset","users","locked_until","geo_dimension","Geography","0.154","Low"
"Pizza_Flow_02","Maven Pizza Challenge Dataset","users","remember_token","name_label","Free text","0.111","Low"
"Pizza_Flow_02","Maven Pizza Challenge Dataset","users","created_at","date","Date/time","1","High"
"Pizza_Flow_02","Maven Pizza Challenge Dataset","users","updated_at","","other","",""
"PITTRACK_01","Formula 1 World Championship (1950 - 2024)","circuits","circuitId","availability","Status","0.03","Low"
"PITTRACK_01","Formula 1 World Championship (1950 - 2024)","circuits","circuitRef","customer_id","Identifier","0.54","Medium"
"PITTRACK_01","Formula 1 World Championship (1950 - 2024)","circuits","name","name_label","Free text","0.83","High"
"PITTRACK_01","Formula 1 World Championship (1950 - 2024)","circuits","location","customer_id","Identifier","0.54","Medium"
"PITTRACK_01","Formula 1 World Championship (1950 - 2024)","circuits","country","geo_dimension","Geography","0.9","High"
"PITTRACK_01","Formula 1 World Championship (1950 - 2024)","circuits","lat","","other","",""
"PITTRACK_01","Formula 1 World Championship (1950 - 2024)","circuits","lng","","other","",""
"PITTRACK_01","Formula 1 World Championship (1950 - 2024)","circuits","alt","discount","Monetary amount","0.078","Low"
"PITTRACK_01","Formula 1 World Championship (1950 - 2024)","circuits","url","","other","",""
"PITTRACK_01","Formula 1 World Championship (1950 - 2024)","drivers","driverId","quantity","Quantity","0.06","Low"
"PITTRACK_01","Formula 1 World Championship (1950 - 2024)","drivers","driverRef","order_id","Identifier","0.58","Medium"
"PITTRACK_01","Formula 1 World Championship (1950 - 2024)","drivers","number","","other","",""
"PITTRACK_01","Formula 1 World Championship (1950 - 2024)","drivers","code","cost_category","Category","0.14","Low"
"PITTRACK_01","Formula 1 World Championship (1950 - 2024)","drivers","forename","name_label","Free text","0.038","Low"
"PITTRACK_01","Formula 1 World Championship (1950 - 2024)","drivers","surname","name_label","Free text","0.132","Low"
"PITTRACK_01","Formula 1 World Championship (1950 - 2024)","drivers","dob","date","Date/time","1","High"
"PITTRACK_01","Formula 1 World Championship (1950 - 2024)","drivers","nationality","status","Status","0.105","Low"
"PITTRACK_01","Formula 1 World Championship (1950 - 2024)","drivers","url","","other","",""
"PITTRACK_01","Formula 1 World Championship (1950 - 2024)","lap_times","raceId","duration","Quantity","0.06","Low"
"PITTRACK_01","Formula 1 World Championship (1950 - 2024)","lap_times","driverId","duration","Quantity","0.06","Low"
"PITTRACK_01","Formula 1 World Championship (1950 - 2024)","lap_times","lap","duration","Quantity","0.099","Low"
"PITTRACK_01","Formula 1 World Championship (1950 - 2024)","lap_times","position","duration","Quantity","0.183","Low"
"PITTRACK_01","Formula 1 World Championship (1950 - 2024)","lap_times","time","customer_id","Identifier","0.54","Medium"
"PITTRACK_01","Formula 1 World Championship (1950 - 2024)","lap_times","milliseconds","duration","Quantity","0.123","Low"
"PITTRACK_01","Formula 1 World Championship (1950 - 2024)","races","raceId","quantity","Quantity","0.06","Low"
"PITTRACK_01","Formula 1 World Championship (1950 - 2024)","races","year","duration","Quantity","0.2","Low"
"PITTRACK_01","Formula 1 World Championship (1950 - 2024)","races","round","quantity","Quantity","0.197","Low"
"PITTRACK_01","Formula 1 World Championship (1950 - 2024)","races","circuitId","quantity","Quantity","0.1","Low"
"PITTRACK_01","Formula 1 World Championship (1950 - 2024)","races","name","name_label","Free text","0.83","High"
"PITTRACK_01","Formula 1 World Championship (1950 - 2024)","races","date","date","Date/time","1","High"
"PITTRACK_01","Formula 1 World Championship (1950 - 2024)","races","time","geo_dimension","Geography","0.147","Low"
"PITTRACK_01","Formula 1 World Championship (1950 - 2024)","races","url","","other","",""
"PITTRACK_01","Formula 1 World Championship (1950 - 2024)","races","fp1_date","geo_dimension","Geography","0.14","Low"
"PITTRACK_01","Formula 1 World Championship (1950 - 2024)","races","fp1_time","geo_dimension","Geography","0.147","Low"
"PITTRACK_01","Formula 1 World Championship (1950 - 2024)","races","fp2_date","geo_dimension","Geography","0.14","Low"
"PITTRACK_01","Formula 1 World Championship (1950 - 2024)","races","fp2_time","geo_dimension","Geography","0.147","Low"
"PITTRACK_01","Formula 1 World Championship (1950 - 2024)","races","fp3_date","geo_dimension","Geography","0.14","Low"
"PITTRACK_01","Formula 1 World Championship (1950 - 2024)","races","fp3_time","status","Status","0.155","Low"
"PITTRACK_01","Formula 1 World Championship (1950 - 2024)","races","quali_date","geo_dimension","Geography","0.14","Low"
"PITTRACK_01","Formula 1 World Championship (1950 - 2024)","races","quali_time","status","Status","0.155","Low"
"PITTRACK_01","Formula 1 World Championship (1950 - 2024)","races","sprint_date","geo_dimension","Geography","0.126","Low"
"PITTRACK_01","Formula 1 World Championship (1950 - 2024)","races","sprint_time","geo_dimension","Geography","0.129","Low"
"PITTRACK_01","Formula 1 World Championship (1950 - 2024)","results","resultId","revenue","Monetary amount","0.04","Low"
"PITTRACK_01","Formula 1 World Championship (1950 - 2024)","results","raceId","duration","Quantity","0.06","Low"
"PITTRACK_01","Formula 1 World Championship (1950 - 2024)","results","driverId","duration","Quantity","0.06","Low"
"PITTRACK_01","Formula 1 World Championship (1950 - 2024)","results","constructorId","availability","Status","0.03","Low"
"PITTRACK_01","Formula 1 World Championship (1950 - 2024)","results","number","","other","",""
"PITTRACK_01","Formula 1 World Championship (1950 - 2024)","results","grid","discount","Monetary amount","0.097","Low"
"PITTRACK_01","Formula 1 World Championship (1950 - 2024)","results","position","subscription_plan","Category","0.181","Low"
"PITTRACK_01","Formula 1 World Championship (1950 - 2024)","results","positionText","geo_dimension","Geography","0.04","Low"
"PITTRACK_01","Formula 1 World Championship (1950 - 2024)","results","positionOrder","availability","Status","0.03","Low"
"PITTRACK_01","Formula 1 World Championship (1950 - 2024)","results","points","duration","Quantity","0.13","Low"
"PITTRACK_01","Formula 1 World Championship (1950 - 2024)","results","laps","duration","Quantity","0.09","Low"
"PITTRACK_01","Formula 1 World Championship (1950 - 2024)","results","time","status","Status","0.175","Low"
"PITTRACK_01","Formula 1 World Championship (1950 - 2024)","results","milliseconds","geo_dimension","Geography","0.039","Low"
"PITTRACK_01","Formula 1 World Championship (1950 - 2024)","results","fastestLap","geo_dimension","Geography","0.03","Low"
"PITTRACK_01","Formula 1 World Championship (1950 - 2024)","results","rank","subscription_plan","Category","0.19","Low"
"PITTRACK_01","Formula 1 World Championship (1950 - 2024)","results","fastestLapTime","geo_dimension","Geography","0.04","Low"
"PITTRACK_01","Formula 1 World Championship (1950 - 2024)","results","fastestLapSpeed","geo_dimension","Geography","0.04","Low"
"PITTRACK_01","Formula 1 World Championship (1950 - 2024)","results","statusId","availability","Status","0.03","Low"
"SME_Zomato_02","MonetIQ - Zomato Food Delivery 01","audit_log","log_id","order_id","Identifier","0.649","Low"
"SME_Zomato_02","MonetIQ - Zomato Food Delivery 01","audit_log","staff_id","order_id","Identifier","0.54","Low"
"SME_Zomato_02","MonetIQ - Zomato Food Delivery 01","audit_log","action","status","Status","0.141","Low"
"SME_Zomato_02","MonetIQ - Zomato Food Delivery 01","audit_log","table_name","name_label","Free text","0.197","Low"
"SME_Zomato_02","MonetIQ - Zomato Food Delivery 01","audit_log","record_id","order_id","Identifier","0.54","Low"
"SME_Zomato_02","MonetIQ - Zomato Food Delivery 01","audit_log","detail","geo_dimension","Geography","0.133","Low"
"SME_Zomato_02","MonetIQ - Zomato Food Delivery 01","audit_log","at_time","date","Date/time","1","High"
"SME_Zomato_02","MonetIQ - Zomato Food Delivery 01","food","f_id","product_id","Identifier","0.89","High"
"SME_Zomato_02","MonetIQ - Zomato Food Delivery 01","food","item","cost_category","Category","0.219","Low"
"SME_Zomato_02","MonetIQ - Zomato Food Delivery 01","food","veg_or_non_veg","geo_dimension","Geography","0.143","Low"
"SME_Zomato_02","MonetIQ - Zomato Food Delivery 01","menu","menu_id","product_id","Identifier","0.85","High"
"SME_Zomato_02","MonetIQ - Zomato Food Delivery 01","menu","r_id","merchant_id","Identifier","0.89","High"
"SME_Zomato_02","MonetIQ - Zomato Food Delivery 01","menu","f_id","product_id","Identifier","0.89","High"
"SME_Zomato_02","MonetIQ - Zomato Food Delivery 01","menu","cuisine","name_label","Free text","0.83","High"
"SME_Zomato_02","MonetIQ - Zomato Food Delivery 01","menu","price","price","Monetary amount","0.94","High"
"SME_Zomato_02","MonetIQ - Zomato Food Delivery 01","orders","order_id","order_id","Identifier","0.93","High"
"SME_Zomato_02","MonetIQ - Zomato Food Delivery 01","orders","order_date","date","Date/time","1","High"
"SME_Zomato_02","MonetIQ - Zomato Food Delivery 01","orders","sales_qty","quantity","Quantity","0.93","High"
"SME_Zomato_02","MonetIQ - Zomato Food Delivery 01","orders","sales_amount","revenue","Monetary amount","0.94","High"
"SME_Zomato_02","MonetIQ - Zomato Food Delivery 01","orders","currency","subscription_plan","Category","0.113","Low"
"SME_Zomato_02","MonetIQ - Zomato Food Delivery 01","orders","user_id","customer_id","Identifier","0.89","High"
"SME_Zomato_02","MonetIQ - Zomato Food Delivery 01","orders","r_id","merchant_id","Identifier","0.89","High"
"SME_Zomato_02","MonetIQ - Zomato Food Delivery 01","orders","payment_method","status","Status","0.16","Low"
"SME_Zomato_02","MonetIQ - Zomato Food Delivery 01","orders","last_modified_by_staff_id","order_id","Identifier","0.52","Medium"
"SME_Zomato_02","MonetIQ - Zomato Food Delivery 01","orders","payment_method_id","order_id","Identifier","0.52","Medium"
"SME_Zomato_02","MonetIQ - Zomato Food Delivery 01","orders","status","status","Status","0.9","High"
"SME_Zomato_02","MonetIQ - Zomato Food Delivery 01","payment_methods","payment_method_id","order_id","Identifier","0.669","Low"
"SME_Zomato_02","MonetIQ - Zomato Food Delivery 01","payment_methods","user_id","customer_id","Identifier","0.89","High"
"SME_Zomato_02","MonetIQ - Zomato Food Delivery 01","payment_methods","method_type","subscription_plan","Category","0.227","Low"
"SME_Zomato_02","MonetIQ - Zomato Food Delivery 01","payment_methods","provider","cost_category","Category","0.9","High"
"SME_Zomato_02","MonetIQ - Zomato Food Delivery 01","payment_methods","account_holder_name","","other","",""
"SME_Zomato_02","MonetIQ - Zomato Food Delivery 01","payment_methods","account_identifier","quantity","Quantity","0.165","Low"
"SME_Zomato_02","MonetIQ - Zomato Food Delivery 01","payment_methods","is_default","availability","Status","0.223","Low"
"SME_Zomato_02","MonetIQ - Zomato Food Delivery 01","payment_methods","created_at","date","Date/time","1","High"
"SME_Zomato_02","MonetIQ - Zomato Food Delivery 01","restaurant","r_id","merchant_id","Identifier","0.85","High"
"SME_Zomato_02","MonetIQ - Zomato Food Delivery 01","restaurant","name","name_label","Free text","0.83","High"
"SME_Zomato_02","MonetIQ - Zomato Food Delivery 01","restaurant","city","geo_dimension","Geography","0.9","High"
"SME_Zomato_02","MonetIQ - Zomato Food Delivery 01","restaurant","rating","rating","Rating","0.88","High"
"SME_Zomato_02","MonetIQ - Zomato Food Delivery 01","restaurant","rating_count","rating","Rating","0.77","High"
"SME_Zomato_02","MonetIQ - Zomato Food Delivery 01","restaurant","cost","price","Monetary amount","0.94","High"
"SME_Zomato_02","MonetIQ - Zomato Food Delivery 01","restaurant","cuisine","name_label","Free text","0.83","High"
"SME_Zomato_02","MonetIQ - Zomato Food Delivery 01","restaurant","lic_no","","other","",""
"SME_Zomato_02","MonetIQ - Zomato Food Delivery 01","restaurant","link","","other","",""
"SME_Zomato_02","MonetIQ - Zomato Food Delivery 01","restaurant","address","geo_dimension","Geography","0.16","Low"
"SME_Zomato_02","MonetIQ - Zomato Food Delivery 01","restaurant","menu","","other","",""
"SME_Zomato_02","MonetIQ - Zomato Food Delivery 01","staff_accounts","staff_id","order_id","Identifier","0.633","Low"
"SME_Zomato_02","MonetIQ - Zomato Food Delivery 01","staff_accounts","username","geo_dimension","Geography","0.067","Low"
"SME_Zomato_02","MonetIQ - Zomato Food Delivery 01","staff_accounts","full_name","name_label","Free text","0.187","Low"
"SME_Zomato_02","MonetIQ - Zomato Food Delivery 01","staff_accounts","password_hash","cost_category","Category","0.086","Low"
"SME_Zomato_02","MonetIQ - Zomato Food Delivery 01","staff_accounts","password_salt","geo_dimension","Geography","0.116","Low"
"SME_Zomato_02","MonetIQ - Zomato Food Delivery 01","staff_accounts","role","geo_dimension","Geography","0.148","Low"
"SME_Zomato_02","MonetIQ - Zomato Food Delivery 01","staff_accounts","managed_restaurant_id","order_id","Identifier","0.546","Low"
"SME_Zomato_02","MonetIQ - Zomato Food Delivery 01","staff_accounts","is_active","availability","Status","0.215","Low"
"SME_Zomato_02","MonetIQ - Zomato Food Delivery 01","staff_accounts","created_at","date","Date/time","1","High"
"SME_Zomato_02","MonetIQ - Zomato Food Delivery 01","users","user_id","customer_id","Identifier","0.85","High"
"SME_Zomato_02","MonetIQ - Zomato Food Delivery 01","users","name","name_label","Free text","0.83","High"
"SME_Zomato_02","MonetIQ - Zomato Food Delivery 01","users","email","order_id","Identifier","0.53","Medium"
"SME_Zomato_02","MonetIQ - Zomato Food Delivery 01","users","password","cost_category","Category","0.115","Low"
"SME_Zomato_02","MonetIQ - Zomato Food Delivery 01","users","Age","duration","Quantity","0.142","Low"
"SME_Zomato_02","MonetIQ - Zomato Food Delivery 01","users","Gender","geo_dimension","Geography","0.125","Low"
"SME_Zomato_02","MonetIQ - Zomato Food Delivery 01","users","Marital Status","status","Status","0.9","High"
"SME_Zomato_02","MonetIQ - Zomato Food Delivery 01","users","Occupation","geo_dimension","Geography","0.224","Low"
"SME_Zomato_02","MonetIQ - Zomato Food Delivery 01","users","Monthly Income","subscription_plan","Category","0.172","Low"
"SME_Zomato_02","MonetIQ - Zomato Food Delivery 01","users","Educational Qualifications","geo_dimension","Geography","0.168","Low"
"SME_Zomato_02","MonetIQ - Zomato Food Delivery 01","users","Family size","rating","Rating","0.19","Low"
"SME_Zomato_02","MonetIQ - Zomato Food Delivery 01","users","password_hash","cost_category","Category","0.096","Low"
"SME_Zomato_02","MonetIQ - Zomato Food Delivery 01","users","password_salt","geo_dimension","Geography","0.156","Low"
"SME_Zomato_02","MonetIQ - Zomato Food Delivery 01","users","phone","","other","",""
"SME-YTA","WorldVideos","cavideos","video_id","order_id","Identifier","0.641","Low"
"SME-YTA","WorldVideos","cavideos","trending_date","geo_dimension","Geography","0.127","Low"
"SME-YTA","WorldVideos","cavideos","title","name_label","Free text","0.83","High"
"SME-YTA","WorldVideos","cavideos","channel_title","name_label","Free text","0.178","Low"
"SME-YTA","WorldVideos","cavideos","category_id","order_id","Identifier","0.538","Low"
"SME-YTA","WorldVideos","cavideos","publish_time","date","Date/time","1","High"
"SME-YTA","WorldVideos","cavideos","tags","cost_category","Category","0.113","Low"
"SME-YTA","WorldVideos","cavideos","views","quantity","Quantity","0.14","Low"
"SME-YTA","WorldVideos","cavideos","likes","quantity","Quantity","0.122","Low"
"SME-YTA","WorldVideos","cavideos","dislikes","cost","Monetary amount","0.061","Low"
"SME-YTA","WorldVideos","cavideos","comment_count","quantity","Quantity","0.86","High"
"SME-YTA","WorldVideos","cavideos","thumbnail_link","","other","",""
"SME-YTA","WorldVideos","cavideos","comments_disabled","availability","Status","0.124","Low"
"SME-YTA","WorldVideos","cavideos","ratings_disabled","availability","Status","0.112","Low"
"SME-YTA","WorldVideos","cavideos","video_error_or_removed","availability","Status","0.161","Low"
"SME-YTA","WorldVideos","cavideos","description","geo_dimension","Geography","0.146","Low"
"SME-YTA","WorldVideos","devideos","video_id","order_id","Identifier","0.641","Low"
"SME-YTA","WorldVideos","devideos","trending_date","geo_dimension","Geography","0.127","Low"
"SME-YTA","WorldVideos","devideos","title","name_label","Free text","0.83","High"
"SME-YTA","WorldVideos","devideos","channel_title","name_label","Free text","0.178","Low"
"SME-YTA","WorldVideos","devideos","category_id","order_id","Identifier","0.538","Low"
"SME-YTA","WorldVideos","devideos","publish_time","date","Date/time","1","High"
"SME-YTA","WorldVideos","devideos","tags","cost_category","Category","0.113","Low"
"SME-YTA","WorldVideos","devideos","views","quantity","Quantity","0.14","Low"
"SME-YTA","WorldVideos","devideos","likes","quantity","Quantity","0.122","Low"
"SME-YTA","WorldVideos","devideos","dislikes","cost","Monetary amount","0.061","Low"
"SME-YTA","WorldVideos","devideos","comment_count","quantity","Quantity","0.86","High"
"SME-YTA","WorldVideos","devideos","thumbnail_link","","other","",""
"SME-YTA","WorldVideos","devideos","comments_disabled","availability","Status","0.124","Low"
"SME-YTA","WorldVideos","devideos","ratings_disabled","availability","Status","0.112","Low"
"SME-YTA","WorldVideos","devideos","video_error_or_removed","availability","Status","0.161","Low"
"SME-YTA","WorldVideos","devideos","description","geo_dimension","Geography","0.146","Low"
"SME-YTA","WorldVideos","frvideos","video_id","order_id","Identifier","0.641","Low"
"SME-YTA","WorldVideos","frvideos","trending_date","geo_dimension","Geography","0.127","Low"
"SME-YTA","WorldVideos","frvideos","title","name_label","Free text","0.83","High"
"SME-YTA","WorldVideos","frvideos","channel_title","name_label","Free text","0.178","Low"
"SME-YTA","WorldVideos","frvideos","category_id","order_id","Identifier","0.538","Low"
"SME-YTA","WorldVideos","frvideos","publish_time","date","Date/time","1","High"
"SME-YTA","WorldVideos","frvideos","tags","cost_category","Category","0.113","Low"
"SME-YTA","WorldVideos","frvideos","views","quantity","Quantity","0.14","Low"
"SME-YTA","WorldVideos","frvideos","likes","quantity","Quantity","0.122","Low"
"SME-YTA","WorldVideos","frvideos","dislikes","cost","Monetary amount","0.061","Low"
"SME-YTA","WorldVideos","frvideos","comment_count","quantity","Quantity","0.75","High"
"SME-YTA","WorldVideos","frvideos","thumbnail_link","","other","",""
"SME-YTA","WorldVideos","frvideos","comments_disabled","availability","Status","0.124","Low"
"SME-YTA","WorldVideos","frvideos","ratings_disabled","availability","Status","0.112","Low"
"SME-YTA","WorldVideos","frvideos","video_error_or_removed","availability","Status","0.161","Low"
"SME-YTA","WorldVideos","frvideos","description","geo_dimension","Geography","0.146","Low"
"SME-YTA","WorldVideos","gbvideos","video_id","order_id","Identifier","0.641","Low"
"SME-YTA","WorldVideos","gbvideos","trending_date","geo_dimension","Geography","0.127","Low"
"SME-YTA","WorldVideos","gbvideos","title","name_label","Free text","0.83","High"
"SME-YTA","WorldVideos","gbvideos","channel_title","name_label","Free text","0.178","Low"
"SME-YTA","WorldVideos","gbvideos","category_id","order_id","Identifier","0.538","Low"
"SME-YTA","WorldVideos","gbvideos","publish_time","date","Date/time","1","High"
"SME-YTA","WorldVideos","gbvideos","tags","cost_category","Category","0.113","Low"
"SME-YTA","WorldVideos","gbvideos","views","quantity","Quantity","0.14","Low"
"SME-YTA","WorldVideos","gbvideos","likes","quantity","Quantity","0.122","Low"
"SME-YTA","WorldVideos","gbvideos","dislikes","cost","Monetary amount","0.061","Low"
"SME-YTA","WorldVideos","gbvideos","comment_count","quantity","Quantity","0.75","High"
"SME-YTA","WorldVideos","gbvideos","thumbnail_link","","other","",""
"SME-YTA","WorldVideos","gbvideos","comments_disabled","availability","Status","0.124","Low"
"SME-YTA","WorldVideos","gbvideos","ratings_disabled","availability","Status","0.112","Low"
"SME-YTA","WorldVideos","gbvideos","video_error_or_removed","availability","Status","0.161","Low"
"SME-YTA","WorldVideos","gbvideos","description","geo_dimension","Geography","0.146","Low"
"SME-YTA","WorldVideos","invideos","video_id","order_id","Identifier","0.641","Low"
"SME-YTA","WorldVideos","invideos","trending_date","geo_dimension","Geography","0.127","Low"
"SME-YTA","WorldVideos","invideos","title","name_label","Free text","0.83","High"
"SME-YTA","WorldVideos","invideos","channel_title","name_label","Free text","0.178","Low"
"SME-YTA","WorldVideos","invideos","category_id","order_id","Identifier","0.538","Low"
"SME-YTA","WorldVideos","invideos","publish_time","date","Date/time","1","High"
"SME-YTA","WorldVideos","invideos","tags","cost_category","Category","0.113","Low"
"SME-YTA","WorldVideos","invideos","views","quantity","Quantity","0.14","Low"
"SME-YTA","WorldVideos","invideos","likes","quantity","Quantity","0.122","Low"
"SME-YTA","WorldVideos","invideos","dislikes","cost","Monetary amount","0.061","Low"
"SME-YTA","WorldVideos","invideos","comment_count","quantity","Quantity","0.75","High"
"SME-YTA","WorldVideos","invideos","thumbnail_link","","other","",""
"SME-YTA","WorldVideos","invideos","comments_disabled","availability","Status","0.124","Low"
"SME-YTA","WorldVideos","invideos","ratings_disabled","availability","Status","0.112","Low"
"SME-YTA","WorldVideos","invideos","video_error_or_removed","availability","Status","0.161","Low"
"SME-YTA","WorldVideos","invideos","description","geo_dimension","Geography","0.146","Low"
"SME-YTA","WorldVideos","jpvideos","video_id","order_id","Identifier","0.641","Low"
"SME-YTA","WorldVideos","jpvideos","trending_date","geo_dimension","Geography","0.137","Low"
"SME-YTA","WorldVideos","jpvideos","title","name_label","Free text","0.83","High"
"SME-YTA","WorldVideos","jpvideos","channel_title","name_label","Free text","0.178","Low"
"SME-YTA","WorldVideos","jpvideos","category_id","order_id","Identifier","0.538","Low"
"SME-YTA","WorldVideos","jpvideos","publish_time","date","Date/time","1","High"
"SME-YTA","WorldVideos","jpvideos","tags","cost_category","Category","0.113","Low"
"SME-YTA","WorldVideos","jpvideos","views","quantity","Quantity","0.14","Low"
"SME-YTA","WorldVideos","jpvideos","likes","quantity","Quantity","0.122","Low"
"SME-YTA","WorldVideos","jpvideos","dislikes","cost","Monetary amount","0.061","Low"
"SME-YTA","WorldVideos","jpvideos","comment_count","quantity","Quantity","0.86","High"
"SME-YTA","WorldVideos","jpvideos","thumbnail_link","","other","",""
"SME-YTA","WorldVideos","jpvideos","comments_disabled","availability","Status","0.124","Low"
"SME-YTA","WorldVideos","jpvideos","ratings_disabled","availability","Status","0.112","Low"
"SME-YTA","WorldVideos","jpvideos","video_error_or_removed","availability","Status","0.161","Low"
"SME-YTA","WorldVideos","jpvideos","description","geo_dimension","Geography","0.136","Low"
"SME-YTA","WorldVideos","krvideos","video_id","order_id","Identifier","0.641","Low"
"SME-YTA","WorldVideos","krvideos","trending_date","geo_dimension","Geography","0.127","Low"
"SME-YTA","WorldVideos","krvideos","title","name_label","Free text","0.83","High"
"SME-YTA","WorldVideos","krvideos","channel_title","name_label","Free text","0.178","Low"
"SME-YTA","WorldVideos","krvideos","category_id","order_id","Identifier","0.538","Low"
"SME-YTA","WorldVideos","krvideos","publish_time","date","Date/time","1","High"
"SME-YTA","WorldVideos","krvideos","tags","cost_category","Category","0.113","Low"
"SME-YTA","WorldVideos","krvideos","views","quantity","Quantity","0.14","Low"
"SME-YTA","WorldVideos","krvideos","likes","quantity","Quantity","0.122","Low"
"SME-YTA","WorldVideos","krvideos","dislikes","cost","Monetary amount","0.061","Low"
"SME-YTA","WorldVideos","krvideos","comment_count","quantity","Quantity","0.75","High"
"SME-YTA","WorldVideos","krvideos","thumbnail_link","","other","",""
"SME-YTA","WorldVideos","krvideos","comments_disabled","availability","Status","0.124","Low"
"SME-YTA","WorldVideos","krvideos","ratings_disabled","availability","Status","0.112","Low"
"SME-YTA","WorldVideos","krvideos","video_error_or_removed","availability","Status","0.161","Low"
"SME-YTA","WorldVideos","krvideos","description","geo_dimension","Geography","0.146","Low"
"SME-YTA","WorldVideos","mxvideos","video_id","order_id","Identifier","0.641","Low"
"SME-YTA","WorldVideos","mxvideos","trending_date","geo_dimension","Geography","0.127","Low"
"SME-YTA","WorldVideos","mxvideos","title","name_label","Free text","0.83","High"
"SME-YTA","WorldVideos","mxvideos","channel_title","name_label","Free text","0.178","Low"
"SME-YTA","WorldVideos","mxvideos","category_id","order_id","Identifier","0.538","Low"
"SME-YTA","WorldVideos","mxvideos","publish_time","date","Date/time","1","High"
"SME-YTA","WorldVideos","mxvideos","tags","cost_category","Category","0.113","Low"
"SME-YTA","WorldVideos","mxvideos","views","quantity","Quantity","0.14","Low"
"SME-YTA","WorldVideos","mxvideos","likes","quantity","Quantity","0.122","Low"
"SME-YTA","WorldVideos","mxvideos","dislikes","cost","Monetary amount","0.061","Low"
"SME-YTA","WorldVideos","mxvideos","comment_count","quantity","Quantity","0.75","High"
"SME-YTA","WorldVideos","mxvideos","thumbnail_link","","other","",""
"SME-YTA","WorldVideos","mxvideos","comments_disabled","availability","Status","0.124","Low"
"SME-YTA","WorldVideos","mxvideos","ratings_disabled","availability","Status","0.112","Low"
"SME-YTA","WorldVideos","mxvideos","video_error_or_removed","availability","Status","0.161","Low"
"SME-YTA","WorldVideos","mxvideos","description","geo_dimension","Geography","0.146","Low"
"SME-YTA","WorldVideos","ruvideos","video_id","order_id","Identifier","0.641","Low"
"SME-YTA","WorldVideos","ruvideos","trending_date","geo_dimension","Geography","0.127","Low"
"SME-YTA","WorldVideos","ruvideos","title","name_label","Free text","0.83","High"
"SME-YTA","WorldVideos","ruvideos","channel_title","name_label","Free text","0.178","Low"
"SME-YTA","WorldVideos","ruvideos","category_id","order_id","Identifier","0.538","Low"
"SME-YTA","WorldVideos","ruvideos","publish_time","date","Date/time","1","High"
"SME-YTA","WorldVideos","ruvideos","tags","cost_category","Category","0.113","Low"
"SME-YTA","WorldVideos","ruvideos","views","quantity","Quantity","0.14","Low"
"SME-YTA","WorldVideos","ruvideos","likes","quantity","Quantity","0.122","Low"
"SME-YTA","WorldVideos","ruvideos","dislikes","quantity","Quantity","0.059","Low"
"SME-YTA","WorldVideos","ruvideos","comment_count","quantity","Quantity","0.75","High"
"SME-YTA","WorldVideos","ruvideos","thumbnail_link","","other","",""
"SME-YTA","WorldVideos","ruvideos","comments_disabled","availability","Status","0.124","Low"
"SME-YTA","WorldVideos","ruvideos","ratings_disabled","availability","Status","0.112","Low"
"SME-YTA","WorldVideos","ruvideos","video_error_or_removed","availability","Status","0.161","Low"
"SME-YTA","WorldVideos","ruvideos","description","geo_dimension","Geography","0.146","Low"
"SME-YTA","WorldVideos","usvideos","video_id","order_id","Identifier","0.641","Low"
"SME-YTA","WorldVideos","usvideos","trending_date","geo_dimension","Geography","0.127","Low"
"SME-YTA","WorldVideos","usvideos","title","name_label","Free text","0.83","High"
"SME-YTA","WorldVideos","usvideos","channel_title","name_label","Free text","0.178","Low"
"SME-YTA","WorldVideos","usvideos","category_id","order_id","Identifier","0.538","Low"
"SME-YTA","WorldVideos","usvideos","publish_time","date","Date/time","1","High"
"SME-YTA","WorldVideos","usvideos","tags","cost_category","Category","0.113","Low"
"SME-YTA","WorldVideos","usvideos","views","quantity","Quantity","0.14","Low"
"SME-YTA","WorldVideos","usvideos","likes","quantity","Quantity","0.122","Low"
"SME-YTA","WorldVideos","usvideos","dislikes","cost","Monetary amount","0.061","Low"
"SME-YTA","WorldVideos","usvideos","comment_count","quantity","Quantity","0.75","High"
"SME-YTA","WorldVideos","usvideos","thumbnail_link","","other","",""
"SME-YTA","WorldVideos","usvideos","comments_disabled","availability","Status","0.124","Low"
"SME-YTA","WorldVideos","usvideos","ratings_disabled","availability","Status","0.112","Low"
"SME-YTA","WorldVideos","usvideos","video_error_or_removed","availability","Status","0.161","Low"
"SME-YTA","WorldVideos","usvideos","description","geo_dimension","Geography","0.146","Low"
"BLINKIT_25","Blinkit Transaction","blinkit_customer_feedback","feedback_id","order_id","Identifier","0.58","Medium"
"BLINKIT_25","Blinkit Transaction","blinkit_customer_feedback","order_id","order_id","Identifier","0.93","High"
"BLINKIT_25","Blinkit Transaction","blinkit_customer_feedback","customer_id","customer_id","Identifier","0.89","High"
"BLINKIT_25","Blinkit Transaction","blinkit_customer_feedback","rating","rating","Rating","0.88","High"
"BLINKIT_25","Blinkit Transaction","blinkit_customer_feedback","feedback_text","subscription_plan","Category","0.116","Low"
"BLINKIT_25","Blinkit Transaction","blinkit_customer_feedback","feedback_category","cost_category","Category","0.139","Low"
"BLINKIT_25","Blinkit Transaction","blinkit_customer_feedback","sentiment","geo_dimension","Geography","0.094","Low"
"BLINKIT_25","Blinkit Transaction","blinkit_customer_feedback","feedback_date","date","Date/time","1","High"
"BLINKIT_25","Blinkit Transaction","blinkit_customers","customer_id","customer_id","Identifier","0.89","High"
"BLINKIT_25","Blinkit Transaction","blinkit_customers","customer_name","order_id","Identifier","0.592","Low"
"BLINKIT_25","Blinkit Transaction","blinkit_customers","email","order_id","Identifier","0.591","Low"
"BLINKIT_25","Blinkit Transaction","blinkit_customers","phone","","other","",""
"BLINKIT_25","Blinkit Transaction","blinkit_customers","address","name_label","Free text","0.111","Low"
"BLINKIT_25","Blinkit Transaction","blinkit_customers","area","geo_dimension","Geography","0.269","Low"
"BLINKIT_25","Blinkit Transaction","blinkit_customers","pincode","quantity","Quantity","0.065","Low"
"BLINKIT_25","Blinkit Transaction","blinkit_customers","registration_date","date","Date/time","1","High"
"BLINKIT_25","Blinkit Transaction","blinkit_customers","customer_segment","cost_category","Category","0.171","Low"
"BLINKIT_25","Blinkit Transaction","blinkit_customers","total_orders","revenue","Monetary amount","0.94","High"
"BLINKIT_25","Blinkit Transaction","blinkit_customers","avg_order_value","quantity","Quantity","0.265","Low"
"BLINKIT_25","Blinkit Transaction","blinkit_delivery_performance","order_id","order_id","Identifier","0.93","High"
"BLINKIT_25","Blinkit Transaction","blinkit_delivery_performance","delivery_partner_id","order_id","Identifier","0.58","Medium"
"BLINKIT_25","Blinkit Transaction","blinkit_delivery_performance","promised_time","date","Date/time","1","High"
"BLINKIT_25","Blinkit Transaction","blinkit_delivery_performance","actual_time","","other","",""
"BLINKIT_25","Blinkit Transaction","blinkit_delivery_performance","delivery_time_minutes","duration","Quantity","0.78","High"
"BLINKIT_25","Blinkit Transaction","blinkit_delivery_performance","distance_km","revenue","Monetary amount","0.25","Low"
"BLINKIT_25","Blinkit Transaction","blinkit_delivery_performance","delivery_status","status","Status","0.9","High"
"BLINKIT_25","Blinkit Transaction","blinkit_delivery_performance","reasons_if_delayed","subscription_plan","Category","0.157","Low"
"BLINKIT_25","Blinkit Transaction","blinkit_inventory","product_id","product_id","Identifier","0.89","High"
"BLINKIT_25","Blinkit Transaction","blinkit_inventory","date","subscription_plan","Category","0.188","Low"
"BLINKIT_25","Blinkit Transaction","blinkit_inventory","stock_received","availability","Status","0.252","Low"
"BLINKIT_25","Blinkit Transaction","blinkit_inventory","damaged_stock","availability","Status","0.242","Low"
"BLINKIT_25","Blinkit Transaction","blinkit_inventorynew","product_id","product_id","Identifier","0.89","High"
"BLINKIT_25","Blinkit Transaction","blinkit_inventorynew","date","date","Date/time","1","High"
"BLINKIT_25","Blinkit Transaction","blinkit_inventorynew","stock_received","quantity","Quantity","0.256","Low"
"BLINKIT_25","Blinkit Transaction","blinkit_inventorynew","damaged_stock","availability","Status","0.322","Low"
"BLINKIT_25","Blinkit Transaction","blinkit_marketing_performance","campaign_id","order_id","Identifier","0.637","Low"
"BLINKIT_25","Blinkit Transaction","blinkit_marketing_performance","campaign_name","subscription_plan","Category","0.205","Low"
"BLINKIT_25","Blinkit Transaction","blinkit_marketing_performance","date","date","Date/time","1","High"
"BLINKIT_25","Blinkit Transaction","blinkit_marketing_performance","target_audience","subscription_plan","Category","0.144","Low"
"BLINKIT_25","Blinkit Transaction","blinkit_marketing_performance","channel","subscription_plan","Category","0.133","Low"
"BLINKIT_25","Blinkit Transaction","blinkit_marketing_performance","impressions","quantity","Quantity","0.114","Low"
"BLINKIT_25","Blinkit Transaction","blinkit_marketing_performance","clicks","","other","",""
"BLINKIT_25","Blinkit Transaction","blinkit_marketing_performance","conversions","quantity","Quantity","0.146","Low"
"BLINKIT_25","Blinkit Transaction","blinkit_marketing_performance","spend","cost","Monetary amount","0.94","High"
"BLINKIT_25","Blinkit Transaction","blinkit_marketing_performance","revenue_generated","revenue","Monetary amount","0.9","High"
"BLINKIT_25","Blinkit Transaction","blinkit_marketing_performance","roas","quantity","Quantity","0.1","Low"
"BLINKIT_25","Blinkit Transaction","blinkit_order_items","order_id","order_id","Identifier","0.88","High"
"BLINKIT_25","Blinkit Transaction","blinkit_order_items","product_id","product_id","Identifier","0.89","High"
"BLINKIT_25","Blinkit Transaction","blinkit_order_items","quantity","quantity","Quantity","0.93","High"
"BLINKIT_25","Blinkit Transaction","blinkit_order_items","unit_price","price","Monetary amount","0.88","High"
"BLINKIT_25","Blinkit Transaction","blinkit_orders","order_id","order_id","Identifier","0.93","High"
"BLINKIT_25","Blinkit Transaction","blinkit_orders","customer_id","customer_id","Identifier","0.89","High"
"BLINKIT_25","Blinkit Transaction","blinkit_orders","order_date","date","Date/time","1","High"
"BLINKIT_25","Blinkit Transaction","blinkit_orders","promised_delivery_time","","other","",""
"BLINKIT_25","Blinkit Transaction","blinkit_orders","actual_delivery_time","","other","",""
"BLINKIT_25","Blinkit Transaction","blinkit_orders","delivery_status","status","Status","0.9","High"
"BLINKIT_25","Blinkit Transaction","blinkit_orders","order_total","revenue","Monetary amount","0.94","High"
"BLINKIT_25","Blinkit Transaction","blinkit_orders","payment_method","subscription_plan","Category","0.162","Low"
"BLINKIT_25","Blinkit Transaction","blinkit_orders","delivery_partner_id","order_id","Identifier","0.58","Medium"
"BLINKIT_25","Blinkit Transaction","blinkit_orders","store_id","merchant_id","Identifier","0.85","High"
"BLINKIT_25","Blinkit Transaction","blinkit_products","product_id","product_id","Identifier","0.89","High"
"BLINKIT_25","Blinkit Transaction","blinkit_products","product_name","name_label","Free text","0.231","Low"
"BLINKIT_25","Blinkit Transaction","blinkit_products","category","cost_category","Category","0.215","Low"
"BLINKIT_25","Blinkit Transaction","blinkit_products","brand","customer_id","Identifier","0.54","Medium"
"BLINKIT_25","Blinkit Transaction","blinkit_products","price","price","Monetary amount","0.94","High"
"BLINKIT_25","Blinkit Transaction","blinkit_products","mrp","discount","Monetary amount","0.068","Low"
"BLINKIT_25","Blinkit Transaction","blinkit_products","margin_percentage","profit","Monetary amount","0.202","Low"
"BLINKIT_25","Blinkit Transaction","blinkit_products","shelf_life_days","duration","Quantity","0.232","Low"
"BLINKIT_25","Blinkit Transaction","blinkit_products","min_stock_level","availability","Status","0.82","High"
"BLINKIT_25","Blinkit Transaction","blinkit_products","max_stock_level","availability","Status","0.226","Low"
"OULAD-001","OULAD","assessment_defs","id_assessment","revenue","Monetary amount","0.133","Low"
"OULAD-001","OULAD","assessment_defs","assessment_type","subscription_plan","Category","0.323","Low"
"OULAD-001","OULAD","assessment_defs","date","duration","Quantity","0.188","Low"
"OULAD-001","OULAD","assessment_defs","weight","quantity","Quantity","0.155","Low"
"OULAD-001","OULAD","assessments","code_module","cost_category","Category","0.167","Low"
"OULAD-001","OULAD","assessments","code_presentation","cost_category","Category","0.2","Low"
"OULAD-001","OULAD","assessments","id_assessment","revenue","Monetary amount","0.133","Low"
"OULAD-001","OULAD","assessments","assessment_type","subscription_plan","Category","0.323","Low"
"OULAD-001","OULAD","assessments","date","duration","Quantity","0.188","Low"
"OULAD-001","OULAD","assessments","weight","quantity","Quantity","0.155","Low"
"OULAD-001","OULAD","courses","code_module","cost_category","Category","0.167","Low"
"OULAD-001","OULAD","courses","code_presentation","cost_category","Category","0.2","Low"
"OULAD-001","OULAD","courses","module_presentation_length","duration","Quantity","0.235","Low"
"OULAD-001","OULAD","customers_dim","id_student","revenue","Monetary amount","0.128","Low"
"OULAD-001","OULAD","customers_dim","gender","geo_dimension","Geography","0.135","Low"
"OULAD-001","OULAD","customers_dim","region","geo_dimension","Geography","0.9","High"
"OULAD-001","OULAD","customers_dim","highest_education","subscription_plan","Category","0.193","Low"
"OULAD-001","OULAD","customers_dim","imd_band","geo_dimension","Geography","0.124","Low"
"OULAD-001","OULAD","customers_dim","disability","availability","Status","0.144","Low"
"OULAD-001","OULAD","entitlements_dim","id_student","revenue","Monetary amount","0.128","Low"
"OULAD-001","OULAD","entitlements_dim","date_registration","quantity","Quantity","0.178","Low"
"OULAD-001","OULAD","entitlements_dim","date_unregistration","quantity","Quantity","0.168","Low"
"OULAD-001","OULAD","oulad_monetization","code_module","cost_category","Category","0.177","Low"
"OULAD-001","OULAD","oulad_monetization","code_presentation","cost_category","Category","0.2","Low"
"OULAD-001","OULAD","oulad_monetization","id_student","revenue","Monetary amount","0.128","Low"
"OULAD-001","OULAD","oulad_monetization","studied_credits","duration","Quantity","0.143","Low"
"OULAD-001","OULAD","oulad_monetization","num_of_prev_attempts","quantity","Quantity","0.217","Low"
"OULAD-001","OULAD","oulad_monetization","final_result","status","Status","0.189","Low"
"OULAD-001","OULAD","oulad_monetization","date_registration","quantity","Quantity","0.178","Low"
"OULAD-001","OULAD","oulad_monetization","date_unregistration","quantity","Quantity","0.168","Low"
"OULAD-001","OULAD","oulad_monetization","classification","geo_dimension","Geography","0.148","Low"
"OULAD-001","OULAD","oulad_monetization","revenue_status","status","Status","0.311","Low"
"OULAD-001","OULAD","oulad_monetization","base_revenue","revenue","Monetary amount","0.86","High"
"OULAD-001","OULAD","oulad_monetization","extra_revenue","revenue","Monetary amount","0.86","High"
"OULAD-001","OULAD","oulad_monetization","total_revenue","revenue","Monetary amount","0.86","High"
"OULAD-001","OULAD","studentassessment","id_assessment","revenue","Monetary amount","0.133","Low"
"OULAD-001","OULAD","studentassessment","id_student","revenue","Monetary amount","0.128","Low"
"OULAD-001","OULAD","studentassessment","date_submitted","duration","Quantity","0.202","Low"
"OULAD-001","OULAD","studentassessment","is_banked","availability","Status","0.185","Low"
"OULAD-001","OULAD","studentassessment","score","rating","Rating","0.77","High"
"OULAD-001","OULAD","studentinfo","code_module","cost_category","Category","0.177","Low"
"OULAD-001","OULAD","studentinfo","code_presentation","cost_category","Category","0.2","Low"
"OULAD-001","OULAD","studentinfo","id_student","revenue","Monetary amount","0.128","Low"
"OULAD-001","OULAD","studentinfo","gender","geo_dimension","Geography","0.135","Low"
"OULAD-001","OULAD","studentinfo","region","geo_dimension","Geography","0.9","High"
"OULAD-001","OULAD","studentinfo","highest_education","subscription_plan","Category","0.193","Low"
"OULAD-001","OULAD","studentinfo","imd_band","geo_dimension","Geography","0.124","Low"
"OULAD-001","OULAD","studentinfo","age_band","geo_dimension","Geography","0.215","Low"
"OULAD-001","OULAD","studentinfo","num_of_prev_attempts","quantity","Quantity","0.217","Low"
"OULAD-001","OULAD","studentinfo","studied_credits","duration","Quantity","0.143","Low"
"OULAD-001","OULAD","studentinfo","disability","availability","Status","0.144","Low"
"OULAD-001","OULAD","studentinfo","final_result","status","Status","0.189","Low"
"OULAD-001","OULAD","studentregistration","code_module","cost_category","Category","0.177","Low"
"OULAD-001","OULAD","studentregistration","code_presentation","cost_category","Category","0.2","Low"
"OULAD-001","OULAD","studentregistration","id_student","revenue","Monetary amount","0.128","Low"
"OULAD-001","OULAD","studentregistration","date_registration","quantity","Quantity","0.178","Low"
"OULAD-001","OULAD","studentregistration","date_unregistration","quantity","Quantity","0.168","Low"
"OULAD-001","OULAD","studentvle","version https://git-lfs.github.com/spec/v1","geo_dimension","Geography","0.081","Low"
"OULAD-001","OULAD","vle","id_site","revenue","Monetary amount","0.138","Low"
"OULAD-001","OULAD","vle","code_module","cost_category","Category","0.177","Low"
"OULAD-001","OULAD","vle","code_presentation","cost_category","Category","0.2","Low"
"OULAD-001","OULAD","vle","activity_type","subscription_plan","Category","0.386","Low"
"OULAD-001","OULAD","vle","week_from","duration","Quantity","0.343","Low"
"OULAD-001","OULAD","vle","week_to","duration","Quantity","0.342","Low"
"SME_Mercasight","Mercasight: An Integrated E-Commerce Analytics Framework for Sales Performance, Customer Behavior, and Revenue","events","event_id","order_id","Identifier","0.645","Low"
"SME_Mercasight","Mercasight: An Integrated E-Commerce Analytics Framework for Sales Performance, Customer Behavior, and Revenue","events","user_id","customer_id","Identifier","0.89","High"
"SME_Mercasight","Mercasight: An Integrated E-Commerce Analytics Framework for Sales Performance, Customer Behavior, and Revenue","events","product_id","product_id","Identifier","0.89","High"
"SME_Mercasight","Mercasight: An Integrated E-Commerce Analytics Framework for Sales Performance, Customer Behavior, and Revenue","events","event_type","subscription_plan","Category","0.275","Low"
"SME_Mercasight","Mercasight: An Integrated E-Commerce Analytics Framework for Sales Performance, Customer Behavior, and Revenue","events","event_timestamp","date","Date/time","1","High"
"SME_Mercasight","Mercasight: An Integrated E-Commerce Analytics Framework for Sales Performance, Customer Behavior, and Revenue","order_items","order_item_id","order_id","Identifier","0.53","Medium"
"SME_Mercasight","Mercasight: An Integrated E-Commerce Analytics Framework for Sales Performance, Customer Behavior, and Revenue","order_items","order_id","order_id","Identifier","0.82","High"
"SME_Mercasight","Mercasight: An Integrated E-Commerce Analytics Framework for Sales Performance, Customer Behavior, and Revenue","order_items","product_id","product_id","Identifier","0.89","High"
"SME_Mercasight","Mercasight: An Integrated E-Commerce Analytics Framework for Sales Performance, Customer Behavior, and Revenue","order_items","user_id","customer_id","Identifier","0.89","High"
"SME_Mercasight","Mercasight: An Integrated E-Commerce Analytics Framework for Sales Performance, Customer Behavior, and Revenue","order_items","quantity","quantity","Quantity","0.93","High"
"SME_Mercasight","Mercasight: An Integrated E-Commerce Analytics Framework for Sales Performance, Customer Behavior, and Revenue","order_items","item_price","price","Monetary amount","0.88","High"
"SME_Mercasight","Mercasight: An Integrated E-Commerce Analytics Framework for Sales Performance, Customer Behavior, and Revenue","order_items","item_total","revenue","Monetary amount","0.9","High"
"SME_Mercasight","Mercasight: An Integrated E-Commerce Analytics Framework for Sales Performance, Customer Behavior, and Revenue","orders","order_id","order_id","Identifier","0.93","High"
"SME_Mercasight","Mercasight: An Integrated E-Commerce Analytics Framework for Sales Performance, Customer Behavior, and Revenue","orders","user_id","customer_id","Identifier","0.89","High"
"SME_Mercasight","Mercasight: An Integrated E-Commerce Analytics Framework for Sales Performance, Customer Behavior, and Revenue","orders","order_date","date","Date/time","1","High"
"SME_Mercasight","Mercasight: An Integrated E-Commerce Analytics Framework for Sales Performance, Customer Behavior, and Revenue","orders","order_status","status","Status","0.9","High"
"SME_Mercasight","Mercasight: An Integrated E-Commerce Analytics Framework for Sales Performance, Customer Behavior, and Revenue","orders","total_amount","revenue","Monetary amount","0.94","High"
"SME_Mercasight","Mercasight: An Integrated E-Commerce Analytics Framework for Sales Performance, Customer Behavior, and Revenue","products","product_id","product_id","Identifier","0.89","High"
"SME_Mercasight","Mercasight: An Integrated E-Commerce Analytics Framework for Sales Performance, Customer Behavior, and Revenue","products","product_name","name_label","Free text","0.261","Low"
"SME_Mercasight","Mercasight: An Integrated E-Commerce Analytics Framework for Sales Performance, Customer Behavior, and Revenue","products","category","cost_category","Category","0.225","Low"
"SME_Mercasight","Mercasight: An Integrated E-Commerce Analytics Framework for Sales Performance, Customer Behavior, and Revenue","products","brand","geo_dimension","Geography","0.155","Low"
"SME_Mercasight","Mercasight: An Integrated E-Commerce Analytics Framework for Sales Performance, Customer Behavior, and Revenue","products","price","price","Monetary amount","0.94","High"
"SME_Mercasight","Mercasight: An Integrated E-Commerce Analytics Framework for Sales Performance, Customer Behavior, and Revenue","products","rating","rating","Rating","0.88","High"
"SME_Mercasight","Mercasight: An Integrated E-Commerce Analytics Framework for Sales Performance, Customer Behavior, and Revenue","reviews","review_id","order_id","Identifier","0.58","Medium"
"SME_Mercasight","Mercasight: An Integrated E-Commerce Analytics Framework for Sales Performance, Customer Behavior, and Revenue","reviews","order_id","order_id","Identifier","0.87","High"
"SME_Mercasight","Mercasight: An Integrated E-Commerce Analytics Framework for Sales Performance, Customer Behavior, and Revenue","reviews","product_id","product_id","Identifier","0.89","High"
"SME_Mercasight","Mercasight: An Integrated E-Commerce Analytics Framework for Sales Performance, Customer Behavior, and Revenue","reviews","user_id","customer_id","Identifier","0.89","High"
"SME_Mercasight","Mercasight: An Integrated E-Commerce Analytics Framework for Sales Performance, Customer Behavior, and Revenue","reviews","rating","rating","Rating","0.88","High"
"SME_Mercasight","Mercasight: An Integrated E-Commerce Analytics Framework for Sales Performance, Customer Behavior, and Revenue","reviews","review_text","status","Status","0.135","Low"
"SME_Mercasight","Mercasight: An Integrated E-Commerce Analytics Framework for Sales Performance, Customer Behavior, and Revenue","reviews","review_date","date","Date/time","1","High"
"SME_Mercasight","Mercasight: An Integrated E-Commerce Analytics Framework for Sales Performance, Customer Behavior, and Revenue","users","user_id","customer_id","Identifier","0.85","High"
"SME_Mercasight","Mercasight: An Integrated E-Commerce Analytics Framework for Sales Performance, Customer Behavior, and Revenue","users","name","name_label","Free text","0.83","High"
"SME_Mercasight","Mercasight: An Integrated E-Commerce Analytics Framework for Sales Performance, Customer Behavior, and Revenue","users","email","order_id","Identifier","0.591","Low"
"SME_Mercasight","Mercasight: An Integrated E-Commerce Analytics Framework for Sales Performance, Customer Behavior, and Revenue","users","gender","status","Status","0.103","Low"
"SME_Mercasight","Mercasight: An Integrated E-Commerce Analytics Framework for Sales Performance, Customer Behavior, and Revenue","users","city","name_label","Free text","0.83","High"
"SME_Mercasight","Mercasight: An Integrated E-Commerce Analytics Framework for Sales Performance, Customer Behavior, and Revenue","users","signup_date","date","Date/time","1","High"
"SME_HMFashion_01","Retail E-commerce","articles","article_id","customer_id","Identifier","0.553","Low"
"SME_HMFashion_01","Retail E-commerce","articles","product_code","revenue","Monetary amount","0.171","Low"
"SME_HMFashion_01","Retail E-commerce","articles","prod_name","customer_id","Identifier","0.54","Medium"
"SME_HMFashion_01","Retail E-commerce","articles","product_type_no","","other","",""
"SME_HMFashion_01","Retail E-commerce","articles","product_type_name","subscription_plan","Category","0.335","Low"
"SME_HMFashion_01","Retail E-commerce","articles","product_group_name","subscription_plan","Category","0.199","Low"
"SME_HMFashion_01","Retail E-commerce","articles","graphical_appearance_no","","other","",""
"SME_HMFashion_01","Retail E-commerce","articles","graphical_appearance_name","name_label","Free text","0.23","Low"
"SME_HMFashion_01","Retail E-commerce","articles","colour_group_code","quantity","Quantity","0.15","Low"
"SME_HMFashion_01","Retail E-commerce","articles","colour_group_name","subscription_plan","Category","0.189","Low"
"SME_HMFashion_01","Retail E-commerce","articles","perceived_colour_value_id","customer_id","Identifier","0.54","Medium"
"SME_HMFashion_01","Retail E-commerce","articles","perceived_colour_value_name","subscription_plan","Category","0.195","Low"
"SME_HMFashion_01","Retail E-commerce","articles","perceived_colour_master_id","customer_id","Identifier","0.54","Medium"
"SME_HMFashion_01","Retail E-commerce","articles","perceived_colour_master_name","geo_dimension","Geography","0.195","Low"
"SME_HMFashion_01","Retail E-commerce","articles","department_no","","other","",""
"SME_HMFashion_01","Retail E-commerce","articles","department_name","cost_category","Category","0.174","Low"
"SME_HMFashion_01","Retail E-commerce","articles","index_code","cost_category","Category","0.183","Low"
"SME_HMFashion_01","Retail E-commerce","articles","index_name","subscription_plan","Category","0.173","Low"
"SME_HMFashion_01","Retail E-commerce","articles","index_group_no","","other","",""
"SME_HMFashion_01","Retail E-commerce","articles","index_group_name","subscription_plan","Category","0.187","Low"
"SME_HMFashion_01","Retail E-commerce","articles","section_no","","other","",""
"SME_HMFashion_01","Retail E-commerce","articles","section_name","name_label","Free text","0.242","Low"
"SME_HMFashion_01","Retail E-commerce","articles","garment_group_no","","other","",""
"SME_HMFashion_01","Retail E-commerce","articles","garment_group_name","geo_dimension","Geography","0.185","Low"
"SME_HMFashion_01","Retail E-commerce","articles","detail_desc","name_label","Free text","0.16","Low"
"SME_HMFashion_01","Retail E-commerce","customers","customer_id","customer_id","Identifier","0.85","High"
"SME_HMFashion_01","Retail E-commerce","customers","FN","rating","Rating","0.059","Low"
"SME_HMFashion_01","Retail E-commerce","customers","Active","rating","Rating","0.153","Low"
"SME_HMFashion_01","Retail E-commerce","customers","club_member_status","subscription_plan","Category","0.217","Low"
"SME_HMFashion_01","Retail E-commerce","customers","fashion_news_frequency","subscription_plan","Category","0.165","Low"
"SME_HMFashion_01","Retail E-commerce","customers","age","duration","Quantity","0.142","Low"
"SME_HMFashion_01","Retail E-commerce","customers","postal_code","","other","",""
"SME_HMFashion_01","Retail E-commerce","transactions","t_dat","date","Date/time","1","High"
"SME_HMFashion_01","Retail E-commerce","transactions","customer_id","customer_id","Identifier","0.89","High"
"SME_HMFashion_01","Retail E-commerce","transactions","article_id","order_id","Identifier","0.549","Low"
"SME_HMFashion_01","Retail E-commerce","transactions","price","price","Monetary amount","0.8","High"
"SME_HMFashion_01","Retail E-commerce","transactions","sales_channel_id","order_id","Identifier","0.53","Low"
